length,path,min_edge_kzt,total_kzt
2,100000005171642100 → 100000004221668100 → 100000005171642100,683600.0,1374200.0
2,100000000791285100 → 100000008461532100 → 100000000791285100,560000.0,1680000.0
2,100000005933757100 → 100000002963189100 → 100000005933757100,490000.0,1640000.0
2,100000001872484100 → 100000008601794100 → 100000001872484100,475400.0,1346800.0
2,100000001732159100 → 100000008637537100 → 100000001732159100,381890.0,2664990.0
2,100000002741024100 → 100000007629096100 → 100000002741024100,360000.0,1125205.0
2,100000002217161100 → 100000001445848100 → 100000002217161100,351850.0,897850.0
2,100000007390016100 → 100000008324800100 → 100000007390016100,346500.0,857500.0
2,100000002958343100 → 100000000274067100 → 100000002958343100,300000.0,3200000.0
2,100000004603109100 → 100000002224132100 → 100000004603109100,300000.0,2880000.0
2,100000004717647100 → 100000004479404100 → 100000004717647100,300000.0,1780000.0
3,100000008314203100 → 100000008637537100 → 100000001732159100 → 100000008314203100,232000.0,2837176.0
2,100000002267998100 → 100000003701161100 → 100000002267998100,220000.0,1070000.0
2,100000004299488100 → 100000007055802100 → 100000004299488100,204999.0,809999.0
2,100000002267998100 → 100000003718221100 → 100000002267998100,200000.0,430000.0
2,100000003299365100 → 100000003684369100 → 100000003299365100,200000.0,400000.0
3,100000004979498100 → 100000008571433100 → 100000004135268100 → 100000004979498100,200000.0,1964000.0
2,100000006069103100 → 100000000201868100 → 100000006069103100,190000.0,380000.0
2,100000004892144100 → 100000002224132100 → 100000004892144100,180300.0,4580300.0
2,100000006844768100 → 100000004759121100 → 100000006844768100,175000.0,457000.0
2,100000004670388100 → 100000000291906100 → 100000004670388100,160354.0,540354.0
2,100000002738256100 → 100000004135268100 → 100000002738256100,150200.0,325200.0
2,100000008571433100 → 100000004135268100 → 100000008571433100,150000.0,1214000.0
2,100000006579678100 → 100000003237045100 → 100000006579678100,150000.0,490200.0
2,100000008258083100 → 100000000673868100 → 100000008258083100,149500.0,2180150.0
2,100000000838385100 → 100000008213966100 → 100000000838385100,145000.0,581900.0
2,100000005519998100 → 100000004017410100 → 100000005519998100,141000.0,283000.0
2,100000004209339100 → 100000003635170100 → 100000004209339100,138500.0,371000.0
2,100000005339662100 → 100000004820260100 → 100000005339662100,135850.0,370050.0
2,100000000661912100 → 100000003131016100 → 100000000661912100,126000.0,531700.0
2,100000006232815100 → 100000001380054100 → 100000006232815100,120000.0,280000.0
2,100000003701161100 → 100000003718221100 → 100000003701161100,120000.0,240000.0
3,100000002267998100 → 100000003718221100 → 100000003701161100 → 100000002267998100,120000.0,570000.0
3,100000002267998100 → 100000003701161100 → 100000003718221100 → 100000002267998100,120000.0,1170000.0
3,100000007442518100 → 100000008258083100 → 100000000673868100 → 100000007442518100,115000.0,5145650.0
2,100000005287097100 → 100000003016635100 → 100000005287097100,110723.0,503223.0
2,100000003001661100 → 100000007382543100 → 100000003001661100,110000.0,220000.0
2,100000003880331100 → 100000001857829100 → 100000003880331100,100000.0,400000.0
2,100000004407753100 → 100000007382543100 → 100000004407753100,100000.0,350000.0
3,100000004892144100 → 100000002224132100 → 100000004603109100 → 100000004892144100,100000.0,2860300.0
3,100000003880331100 → 100000008603629100 → 100000001857829100 → 100000003880331100,100000.0,1106000.0
2,100000008314203100 → 100000001732159100 → 100000008314203100,95000.0,417076.0
3,100000000594783100 → 100000004603109100 → 100000002224132100 → 100000000594783100,92500.0,3027500.0
4,100000004892144100 → 100000002224132100 → 100000000594783100 → 100000004603109100 → 100000004892144100,92500.0,3007800.0
2,100000008762832100 → 100000008748914100 → 100000008762832100,85000.0,235000.0
2,100000003923946100 → 100000003977183100 → 100000003923946100,82000.0,364000.0
2,100000008736940100 → 100000008659445100 → 100000008736940100,77300.0,329800.0
3,100000008736940100 → 100000008659445100 → 100000008193577100 → 100000008736940100,77300.0,290290.0
2,100000001677929100 → 100000002394199100 → 100000001677929100,76777.0,354175.0
2,100000002578405100 → 100000001697501100 → 100000002578405100,73700.0,193700.0
3,100000008736940100 → 100000008659445100 → 100000008751429100 → 100000008736940100,72600.0,421600.0
4,100000008736940100 → 100000008659445100 → 100000008193577100 → 100000008751429100 → 100000008736940100,72600.0,313900.0
2,100000004330371100 → 100000006534886100 → 100000004330371100,71700.0,239200.0
2,100000008603629100 → 100000002723538100 → 100000008603629100,70647.0,155647.0
2,100000004015047100 → 100000001616816100 → 100000004015047100,69195.0,179695.0
2,100000008736940100 → 100000008193577100 → 100000008736940100,67300.0,193290.0
3,100000008736940100 → 100000008193577100 → 100000008751429100 → 100000008736940100,67300.0,216900.0
4,100000004070318100 → 100000006866783100 → 100000004351795100 → 100000000437046100 → 100000004070318100,66404.0,783404.0
5,100000004351795100 → 100000008512552100 → 100000003242289100 → 100000008304139100 → 100000006866783100 → 100000004351795100,66404.0,1018865.0
2,100000004070318100 → 100000006866783100 → 100000004070318100,64725.0,149725.0
2,100000004403675100 → 100000003988112100 → 100000004403675100,64000.0,156000.0
2,100000008547844100 → 100000008547948100 → 100000008547844100,61000.0,161000.0
4,100000004070318100 → 100000008346837100 → 100000005910114100 → 100000006866783100 → 100000004070318100,60059.0,458505.0
2,100000000267734100 → 100000000031787100 → 100000000267734100,60000.0,150000.0
2,100000005820746100 → 100000001965374100 → 100000005820746100,60000.0,2049000.0
2,100000000594783100 → 100000002224132100 → 100000000594783100,60000.0,2695000.0
2,100000008314203100 → 100000008637537100 → 100000008314203100,60000.0,292000.0
3,100000008314203100 → 100000001732159100 → 100000008637537100 → 100000008314203100,60000.0,536890.0
3,100000004603109100 → 100000002224132100 → 100000000552584100 → 100000004603109100,57500.0,2857500.0
4,100000004892144100 → 100000002224132100 → 100000000552584100 → 100000004603109100 → 100000004892144100,57500.0,2837800.0
2,100000008193577100 → 100000008659445100 → 100000008193577100,56190.0,143190.0
3,100000008736940100 → 100000008193577100 → 100000008659445100 → 100000008736940100,56190.0,375990.0
4,100000008736940100 → 100000008193577100 → 100000008659445100 → 100000008751429100 → 100000008736940100,56190.0,467790.0
2,100000008686313100 → 100000008603629100 → 100000008686313100,55500.0,131193.0
5,100000003880331100 → 100000000331309100 → 100000008686313100 → 100000008603629100 → 100000001857829100 → 100000003880331100,55500.0,1256542.0
2,100000001382002100 → 100000005584222100 → 100000001382002100,55000.0,111500.0
2,100000001937767100 → 100000001616816100 → 100000001937767100,53000.0,106000.0
2,100000004336312100 → 100000004017410100 → 100000004336312100,52650.0,111565.0
2,100000005382566100 → 100000004041163100 → 100000005382566100,50000.0,216000.0
2,100000008512552100 → 100000003242289100 → 100000008512552100,49000.0,517791.0
2,100000008389800100 → 100000007511163100 → 100000008389800100,49000.0,98000.0
2,100000006169033100 → 100000008011159100 → 100000006169033100,49000.0,395000.0
4,100000004351795100 → 100000003242289100 → 100000008304139100 → 100000006866783100 → 100000004351795100,49000.0,352974.0
5,100000008587459100 → 100000006866783100 → 100000004351795100 → 100000003242289100 → 100000008304139100 → 100000008587459100,49000.0,353474.0
2,100000008686313100 → 100000006866783100 → 100000008686313100,48100.0,273281.0
4,100000008686313100 → 100000006866783100 → 100000004351795100 → 100000000437046100 → 100000008686313100,48100.0,1761487.0
4,100000008686313100 → 100000006866783100 → 100000004351795100 → 100000008603629100 → 100000008686313100,48100.0,267197.0
4,100000008686313100 → 100000006866783100 → 100000004403675100 → 100000000331309100 → 100000008686313100,47187.0,527764.0
2,100000002796853100 → 100000002781227100 → 100000002796853100,46167.62,245167.62
2,100000004390333100 → 100000006866783100 → 100000004390333100,45751.0,105751.0
4,100000004070318100 → 100000006866783100 → 100000004390333100 → 100000000437046100 → 100000004070318100,45751.0,320751.0
4,100000008686313100 → 100000006866783100 → 100000004390333100 → 100000000437046100 → 100000008686313100,45751.0,1298834.0
4,100000008686313100 → 100000006866783100 → 100000004390333100 → 100000008603629100 → 100000008686313100,45751.0,229544.0
3,100000008686313100 → 100000006866783100 → 100000008137435100 → 100000008686313100,43906.0,143406.0
2,100000006579678100 → 100000003016635100 → 100000006579678100,42930.0,124530.0
2,100000005704413100 → 100000004569484100 → 100000005704413100,41000.0,106705.0
2,100000004160650100 → 100000002731501100 → 100000004160650100,40000.0,590370.0
2,100000008603629100 → 100000001138283100 → 100000008603629100,40000.0,121805.0
2,100000002175422100 → 100000003004487100 → 100000002175422100,40000.0,155000.0
2,100000000933075100 → 100000002193259100 → 100000000933075100,40000.0,80000.0
2,100000000297649100 → 100000001899164100 → 100000000297649100,40000.0,110600.0
4,100000003880331100 → 100000008603629100 → 100000003178549100 → 100000001857829100 → 100000003880331100,40000.0,797000.0
4,100000004390333100 → 100000008477350100 → 100000005910114100 → 100000006866783100 → 100000004390333100,40000.0,468430.0
2,100000003509750100 → 100000001808684100 → 100000003509750100,37700.0,86100.0
2,100000008736940100 → 100000008751429100 → 100000008736940100,37500.0,110100.0
3,100000005704413100 → 100000004569484100 → 100000005578559100 → 100000005704413100,36834.67,153539.67
2,100000006385877100 → 100000006443391100 → 100000006385877100,36602.93,90309.55
2,100000003616818100 → 100000004005964100 → 100000003616818100,35000.0,75000.0
2,100000003796063100 → 100000008111003100 → 100000003796063100,35000.0,70000.0
3,100000004160650100 → 100000004005964100 → 100000003616818100 → 100000004160650100,35000.0,118000.0
4,100000003796063100 → 100000006866783100 → 100000002306369100 → 100000008111003100 → 100000003796063100,35000.0,226666.0
4,100000003796063100 → 100000008477350100 → 100000005910114100 → 100000008111003100 → 100000003796063100,35000.0,357983.0
4,100000003796063100 → 100000008346837100 → 100000005910114100 → 100000008111003100 → 100000003796063100,35000.0,295025.0
4,100000005910114100 → 100000006866783100 → 100000002306369100 → 100000008477350100 → 100000005910114100,35000.0,490845.0
4,100000008603629100 → 100000002723538100 → 100000003242289100 → 100000008304139100 → 100000008603629100,33000.0,356217.0
2,100000005933757100 → 100000004569484100 → 100000005933757100,32607.0,71607.0
2,100000003115284100 → 100000003360542100 → 100000003115284100,30500.0,337500.0
2,100000002391278100 → 100000004221668100 → 100000002391278100,30000.0,82700.0
2,100000008547948100 → 100000008489922100 → 100000008547948100,30000.0,117000.0
2,100000008545727100 → 100000005473151100 → 100000008545727100,30000.0,1090000.0
2,100000007131370100 → 100000000076451100 → 100000007131370100,30000.0,60000.0
2,100000003942602100 → 100000002527114100 → 100000003942602100,30000.0,60000.0
2,100000005342513100 → 100000002733905100 → 100000005342513100,30000.0,265000.0
4,100000008547844100 → 100000008465789100 → 100000008466579100 → 100000008547948100 → 100000008547844100,30000.0,195099.0
5,100000008547844100 → 100000008465789100 → 100000008466579100 → 100000008489922100 → 100000008547948100 → 100000008547844100,30000.0,313099.0
4,100000004070318100 → 100000008346837100 → 100000004351795100 → 100000000437046100 → 100000004070318100,29511.0,721570.0
2,100000008686313100 → 100000000437046100 → 100000008686313100,29200.0,1134183.0
4,100000004070318100 → 100000006866783100 → 100000008686313100 → 100000000437046100 → 100000004070318100,29200.0,429381.0
4,100000008686313100 → 100000000437046100 → 100000001279272100 → 100000000331309100 → 100000008686313100,29200.0,782242.0
5,100000004070318100 → 100000006866783100 → 100000008137435100 → 100000008686313100 → 100000000437046100 → 100000004070318100,29200.0,299506.0
2,100000004160650100 → 100000003616818100 → 100000004160650100,28000.0,63100.0
2,100000000437046100 → 100000007639767100 → 100000000437046100,27868.0,77868.0
4,100000008686313100 → 100000000437046100 → 100000007639767100 → 100000008603629100 → 100000008686313100,27868.0,231011.0
2,100000008603629100 → 100000001857829100 → 100000008603629100,26000.0,434000.0
3,100000008603629100 → 100000003178549100 → 100000001857829100 → 100000008603629100,26000.0,125000.0
5,100000008603629100 → 100000002723538100 → 100000003242289100 → 100000008304139100 → 100000001857829100 → 100000008603629100,26000.0,275217.0
4,100000008686313100 → 100000008477350100 → 100000008086440100 → 100000008603629100 → 100000008686313100,25800.0,365126.0
4,100000008686313100 → 100000008477350100 → 100000008086440100 → 100000000437046100 → 100000008686313100,25800.0,1372016.0
4,100000008686313100 → 100000008477350100 → 100000005910114100 → 100000006866783100 → 100000008686313100,25800.0,633660.0
4,100000008686313100 → 100000008477350100 → 100000005910114100 → 100000008603629100 → 100000008686313100,25800.0,475084.0
4,100000008686313100 → 100000008477350100 → 100000003968044100 → 100000008603629100 → 100000008686313100,25800.0,237493.0
5,100000008686313100 → 100000008477350100 → 100000005910114100 → 100000002957787100 → 100000008137435100 → 100000008686313100,25800.0,314023.0
5,100000008686313100 → 100000008477350100 → 100000005910114100 → 100000006866783100 → 100000008137435100 → 100000008686313100,25800.0,503785.0
5,100000008686313100 → 100000008477350100 → 100000005910114100 → 100000001857829100 → 100000008603629100 → 100000008686313100,25800.0,317495.0
2,100000004847758100 → 100000008603629100 → 100000004847758100,25612.0,67612.0
2,100000001697501100 → 100000002527114100 → 100000001697501100,25000.0,115000.0
2,100000001697501100 → 100000006612238100 → 100000001697501100,25000.0,185000.0
2,100000002733905100 → 100000001166289100 → 100000002733905100,25000.0,507839.0
4,100000004070318100 → 100000008477350100 → 100000008086440100 → 100000000437046100 → 100000004070318100,25000.0,356233.0
4,100000004070318100 → 100000008477350100 → 100000005910114100 → 100000006866783100 → 100000004070318100,25000.0,472404.0
4,100000008686313100 → 100000008603629100 → 100000001660397100 → 100000006866783100 → 100000008686313100,24000.0,333981.0
4,100000004351795100 → 100000008603629100 → 100000001660397100 → 100000006866783100 → 100000004351795100,24000.0,196704.0
4,100000004390333100 → 100000008603629100 → 100000001660397100 → 100000006866783100 → 100000004390333100,24000.0,159051.0
5,100000008686313100 → 100000008603629100 → 100000001660397100 → 100000006866783100 → 100000008137435100 → 100000008686313100,24000.0,204106.0
2,100000008603629100 → 100000007639767100 → 100000008603629100,23722.0,121972.0
4,100000008686313100 → 100000008603629100 → 100000007639767100 → 100000000437046100 → 100000008686313100,23722.0,1234205.0
2,100000008304139100 → 100000006866783100 → 100000008304139100,23567.0,167567.0
3,100000008587459100 → 100000006866783100 → 100000008304139100 → 100000008587459100,23567.0,168067.0
4,100000004070318100 → 100000006866783100 → 100000008304139100 → 100000000437046100 → 100000004070318100,23567.0,228567.0
4,100000008686313100 → 100000006866783100 → 100000008304139100 → 100000008603629100 → 100000008686313100,23567.0,306360.0
4,100000008686313100 → 100000006866783100 → 100000008304139100 → 100000000437046100 → 100000008686313100,23567.0,1206650.0
4,100000008603629100 → 100000001660397100 → 100000006866783100 → 100000008304139100 → 100000008603629100,23567.0,235867.0
4,100000005910114100 → 100000006866783100 → 100000008304139100 → 100000008477350100 → 100000005910114100,23567.0,466246.0
5,100000008686313100 → 100000006866783100 → 100000008304139100 → 100000001857829100 → 100000008603629100 → 100000008686313100,23567.0,225360.0
5,100000008603629100 → 100000001660397100 → 100000006866783100 → 100000008304139100 → 100000001857829100 → 100000008603629100,23567.0,154867.0
4,100000004070318100 → 100000008603629100 → 100000007639767100 → 100000000437046100 → 100000004070318100,23126.0,186848.0
4,100000004070318100 → 100000008603629100 → 100000001660397100 → 100000006866783100 → 100000004070318100,23126.0,141151.0
4,100000004070318100 → 100000008603629100 → 100000008686313100 → 100000006866783100 → 100000004070318100,23126.0,211644.0
4,100000004070318100 → 100000008603629100 → 100000008686313100 → 100000000437046100 → 100000004070318100,23126.0,218019.0
4,100000004070318100 → 100000006866783100 → 100000007639767100 → 100000000437046100 → 100000004070318100,23018.0,248018.0
4,100000008686313100 → 100000006866783100 → 100000007639767100 → 100000008603629100 → 100000008686313100,23018.0,245061.0
4,100000008686313100 → 100000006866783100 → 100000007639767100 → 100000000437046100 → 100000008686313100,23018.0,1226101.0
4,100000008603629100 → 100000001660397100 → 100000006866783100 → 100000007639767100 → 100000008603629100,23018.0,174568.0
2,100000006518161100 → 100000005660203100 → 100000006518161100,23000.0,595899.0
2,100000004351795100 → 100000008603629100 → 100000004351795100,22418.0,99418.0
4,100000004070318100 → 100000008603629100 → 100000004351795100 → 100000000437046100 → 100000004070318100,22418.0,677544.0
4,100000008686313100 → 100000008603629100 → 100000004351795100 → 100000000437046100 → 100000008686313100,22418.0,1724901.0
4,100000004351795100 → 100000000437046100 → 100000007639767100 → 100000008603629100 → 100000004351795100,22418.0,690536.0
4,100000004351795100 → 100000003242289100 → 100000008304139100 → 100000008603629100 → 100000004351795100,22418.0,323988.0
5,100000004351795100 → 100000008512552100 → 100000003178549100 → 100000001857829100 → 100000008603629100 → 100000004351795100,22418.0,563518.0
5,100000004351795100 → 100000008512552100 → 100000003242289100 → 100000008304139100 → 100000008603629100 → 100000004351795100,22418.0,989879.0
5,100000004351795100 → 100000003242289100 → 100000008304139100 → 100000001857829100 → 100000008603629100 → 100000004351795100,22418.0,242988.0
2,100000002293421100 → 100000004180097100 → 100000002293421100,22000.0,58000.0
2,100000002156381100 → 100000002696152100 → 100000002156381100,21800.0,72800.0
4,100000008686313100 → 100000006866783100 → 100000002306369100 → 100000008603629100 → 100000008686313100,20900.0,217859.0
4,100000008603629100 → 100000001660397100 → 100000006866783100 → 100000002306369100 → 100000008603629100,20900.0,147366.0
3,100000008417359100 → 100000008512552100 → 100000003242289100 → 100000008417359100,20760.0,530361.0
2,100000001526235100 → 100000005505655100 → 100000001526235100,20000.0,40000.0
2,100000008389800100 → 100000008430691100 → 100000008389800100,20000.0,40000.0
2,100000004076740100 → 100000005519998100 → 100000004076740100,20000.0,60000.0
2,100000002175422100 → 100000003557488100 → 100000002175422100,20000.0,684992.0
2,100000002132479100 → 100000004159526100 → 100000002132479100,20000.0,50000.0
2,100000007898453100 → 100000003946524100 → 100000007898453100,20000.0,44750.0
2,100000000607941100 → 100000003406094100 → 100000000607941100,20000.0,90000.0
3,100000004076740100 → 100000004336312100 → 100000005519998100 → 100000004076740100,20000.0,80000.0
3,100000005519998100 → 100000004017410100 → 100000004336312100 → 100000005519998100,20000.0,219915.0
3,100000008547844100 → 100000008465789100 → 100000008547948100 → 100000008547844100,20000.0,150099.0
4,100000004351795100 → 100000003242289100 → 100000004140487100 → 100000008603629100 → 100000004351795100,20000.0,115928.0
4,100000005704413100 → 100000004569484100 → 100000005933757100 → 100000008104567100 → 100000005704413100,20000.0,145255.0
4,100000008603629100 → 100000002723538100 → 100000003242289100 → 100000004140487100 → 100000008603629100,20000.0,148157.0
4,100000004076740100 → 100000004336312100 → 100000004017410100 → 100000005519998100 → 100000004076740100,20000.0,254650.0
5,100000008686313100 → 100000006866783100 → 100000002306369100 → 100000002723538100 → 100000008603629100 → 100000008686313100,20000.0,301959.0
5,100000004351795100 → 100000008512552100 → 100000003242289100 → 100000004140487100 → 100000008603629100 → 100000004351795100,20000.0,781819.0
5,100000008603629100 → 100000001660397100 → 100000006866783100 → 100000002306369100 → 100000002723538100 → 100000008603629100,20000.0,231466.0
5,100000002723538100 → 100000003242289100 → 100000008304139100 → 100000006866783100 → 100000002306369100 → 100000002723538100,20000.0,363736.0
2,100000004070318100 → 100000004400305100 → 100000004070318100,19800.0,42800.0
4,100000004070318100 → 100000004400305100 → 100000005910114100 → 100000006866783100 → 100000004070318100,19800.0,419405.0
4,100000004070318100 → 100000004400305100 → 100000008304139100 → 100000006866783100 → 100000004070318100,19800.0,274626.0
4,100000004070318100 → 100000004400305100 → 100000008304139100 → 100000000437046100 → 100000004070318100,19800.0,185901.0
4,100000004070318100 → 100000004400305100 → 100000008587459100 → 100000006866783100 → 100000004070318100,19800.0,312532.0
4,100000004070318100 → 100000004400305100 → 100000008686313100 → 100000006866783100 → 100000004070318100,19800.0,215042.0
4,100000004070318100 → 100000004400305100 → 100000008686313100 → 100000000437046100 → 100000004070318100,19800.0,221417.0
5,100000004070318100 → 100000004400305100 → 100000008304139100 → 100000008587459100 → 100000006866783100 → 100000004070318100,19800.0,275126.0
2,100000002957787100 → 100000005268319100 → 100000002957787100,19712.8,43712.8
2,100000001660397100 → 100000006866783100 → 100000001660397100,19300.0,43300.0
3,100000000785800100 → 100000008601794100 → 100000001872484100 → 100000000785800100,19000.0,909400.0
2,100000004330371100 → 100000003016635100 → 100000004330371100,18981.0,115652.0
2,100000008086440100 → 100000008477350100 → 100000008086440100,18900.0,218633.0
4,100000004070318100 → 100000004400305100 → 100000004390333100 → 100000000437046100 → 100000004070318100,18807.0,228607.0
4,100000004070318100 → 100000004400305100 → 100000004390333100 → 100000006866783100 → 100000004070318100,18807.0,163332.0
4,100000008686313100 → 100000006866783100 → 100000004847758100 → 100000008603629100 → 100000008686313100,18775.0,184568.0
4,100000004847758100 → 100000008603629100 → 100000001660397100 → 100000006866783100 → 100000004847758100,18775.0,114075.0
4,100000008710843100 → 100000008547844100 → 100000008547948100 → 100000008489922100 → 100000008710843100,18200.0,235200.0
5,100000008710843100 → 100000008547844100 → 100000008465789100 → 100000008547948100 → 100000008489922100 → 100000008710843100,18200.0,224299.0
5,100000008710843100 → 100000008547844100 → 100000008465789100 → 100000008466579100 → 100000008489922100 → 100000008710843100,18200.0,270299.0
2,100000001893287100 → 100000004698193100 → 100000001893287100,18000.0,170700.0
2,100000004188160100 → 100000003016635100 → 100000004188160100,18000.0,97262.0
2,100000004544958100 → 100000004677680100 → 100000004544958100,18000.0,186000.0
2,100000006707582100 → 100000000850297100 → 100000006707582100,17520.0,35040.0
2,100000008169544100 → 100000003016635100 → 100000008169544100,17300.0,154404.0
4,100000008443341100 → 100000008477350100 → 100000005910114100 → 100000006866783100 → 100000008443341100,17000.0,424179.0
2,100000005287097100 → 100000004156082100 → 100000005287097100,16450.0,66950.0
5,100000005287097100 → 100000004150593100 → 100000008188026100 → 100000004527381100 → 100000004156082100 → 100000005287097100,16450.0,489759.28
5,100000005287097100 → 100000003016635100 → 100000008188026100 → 100000004527381100 → 100000004156082100 → 100000005287097100,16450.0,865507.28
4,100000004070318100 → 100000008477350100 → 100000007639767100 → 100000000437046100 → 100000004070318100,16305.0,181305.0
4,100000008686313100 → 100000008477350100 → 100000007639767100 → 100000008603629100 → 100000008686313100,16305.0,216048.0
4,100000008686313100 → 100000008477350100 → 100000007639767100 → 100000000437046100 → 100000008686313100,16305.0,1197088.0
4,100000004847758100 → 100000008603629100 → 100000004679953100 → 100000005782781100 → 100000004847758100,16000.0,245484.0
2,100000004692798100 → 100000000831684100 → 100000004692798100,15000.0,65000.0
2,100000005507142100 → 100000002612809100 → 100000005507142100,15000.0,45000.0
2,100000008293431100 → 100000000437046100 → 100000008293431100,15000.0,230000.0
2,100000000011452100 → 100000005140601100 → 100000000011452100,15000.0,31685.0
2,100000005168487100 → 100000002941114100 → 100000005168487100,15000.0,118510.0
3,100000004007116100 → 100000003616818100 → 100000004160650100 → 100000004007116100,15000.0,585844.0
3,100000004007116100 → 100000003616818100 → 100000004005964100 → 100000004007116100,15000.0,82000.0
3,100000005339662100 → 100000004820260100 → 100000005175148100 → 100000005339662100,15000.0,323200.0
4,100000004007116100 → 100000003616818100 → 100000004160650100 → 100000002731501100 → 100000004007116100,15000.0,802430.0
4,100000004007116100 → 100000003616818100 → 100000004160650100 → 100000004005964100 → 100000004007116100,15000.0,125000.0
4,100000002723538100 → 100000003242289100 → 100000004140487100 → 100000004400305100 → 100000002723538100,15000.0,102510.0
2,100000005037490100 → 100000008733194100 → 100000005037490100,14000.0,29000.0
4,100000004070318100 → 100000004400305100 → 100000002645993100 → 100000008413748100 → 100000004070318100,13480.0,98451.55
2,100000005264874100 → 100000005507142100 → 100000005264874100,13000.0,43000.0
2,100000004475818100 → 100000005665181100 → 100000004475818100,13000.0,31498.0
4,100000004070318100 → 100000008603629100 → 100000001660397100 → 100000008413748100 → 100000004070318100,13000.0,94947.55
4,100000004070318100 → 100000006866783100 → 100000001660397100 → 100000008413748100 → 100000004070318100,13000.0,146821.55
4,100000008413748100 → 100000008304139100 → 100000008603629100 → 100000001660397100 → 100000008413748100,13000.0,227391.75
4,100000008413748100 → 100000008304139100 → 100000006866783100 → 100000001660397100 → 100000008413748100,13000.0,202391.75
5,100000008587459100 → 100000006866783100 → 100000001660397100 → 100000008413748100 → 100000008304139100 → 100000008587459100,13000.0,202891.75
5,100000008413748100 → 100000008304139100 → 100000001857829100 → 100000008603629100 → 100000001660397100 → 100000008413748100,13000.0,146391.75
2,100000008636603100 → 100000000667713100 → 100000008636603100,12750.0,25500.0
3,100000008636603100 → 100000003016635100 → 100000000667713100 → 100000008636603100,12750.0,162695.0
2,100000003888271100 → 100000000580561100 → 100000003888271100,12177.0,30857.0
4,100000008086440100 → 100000008603629100 → 100000001660397100 → 100000008477350100 → 100000008086440100,12000.0,304933.0
4,100000008603629100 → 100000001660397100 → 100000008477350100 → 100000005910114100 → 100000008603629100,12000.0,414891.0
4,100000008603629100 → 100000001660397100 → 100000008477350100 → 100000003968044100 → 100000008603629100,12000.0,177300.0
4,100000008603629100 → 100000001660397100 → 100000008477350100 → 100000007639767100 → 100000008603629100,12000.0,155855.0
4,100000001660397100 → 100000008477350100 → 100000005910114100 → 100000006866783100 → 100000001660397100,12000.0,413979.0
5,100000008603629100 → 100000001660397100 → 100000008477350100 → 100000005910114100 → 100000001857829100 → 100000008603629100,12000.0,257302.0
2,100000006866783100 → 100000001609499100 → 100000006866783100,11000.0,104937.0
2,100000001600934100 → 100000005140601100 → 100000001600934100,11000.0,191300.0
4,100000004070318100 → 100000008603629100 → 100000001609499100 → 100000006866783100 → 100000004070318100,11000.0,154507.0
4,100000004070318100 → 100000004400305100 → 100000001609499100 → 100000006866783100 → 100000004070318100,11000.0,209045.0
4,100000008686313100 → 100000008603629100 → 100000001609499100 → 100000006866783100 → 100000008686313100,11000.0,347337.0
4,100000004847758100 → 100000008603629100 → 100000001609499100 → 100000006866783100 → 100000004847758100,11000.0,127431.0
4,100000004351795100 → 100000008603629100 → 100000001609499100 → 100000006866783100 → 100000004351795100,11000.0,210060.0
4,100000004390333100 → 100000008603629100 → 100000001609499100 → 100000006866783100 → 100000004390333100,11000.0,172407.0
4,100000008603629100 → 100000001609499100 → 100000006866783100 → 100000008304139100 → 100000008603629100,11000.0,249223.0
4,100000008603629100 → 100000001609499100 → 100000006866783100 → 100000002306369100 → 100000008603629100,11000.0,160722.0
4,100000008603629100 → 100000001609499100 → 100000006866783100 → 100000007639767100 → 100000008603629100,11000.0,187924.0
5,100000008686313100 → 100000008603629100 → 100000001609499100 → 100000006866783100 → 100000008137435100 → 100000008686313100,11000.0,217462.0
5,100000008603629100 → 100000001609499100 → 100000006866783100 → 100000008304139100 → 100000001857829100 → 100000008603629100,11000.0,168223.0
5,100000008603629100 → 100000001609499100 → 100000006866783100 → 100000002306369100 → 100000002723538100 → 100000008603629100,11000.0,244822.0
4,100000005287097100 → 100000004150593100 → 100000008595687100 → 100000003016635100 → 100000005287097100,10400.0,242518.0
2,100000008254069100 → 100000003809101100 → 100000008254069100,10200.0,30200.0
2,100000003509750100 → 100000004697956100 → 100000003509750100,10000.0,20000.0
2,100000004007116100 → 100000004005964100 → 100000004007116100,10000.0,37000.0
2,100000004007116100 → 100000002731501100 → 100000004007116100,10000.0,211960.0
2,100000008474308100 → 100000008443341100 → 100000008474308100,10000.0,24000.0
2,100000006866783100 → 100000007639767100 → 100000006866783100,10000.0,33018.0
2,100000006866783100 → 100000000089154100 → 100000006866783100,10000.0,32000.0
2,100000003917461100 → 100000004386258100 → 100000003917461100,10000.0,20000.0
2,100000003636627100 → 100000002692750100 → 100000003636627100,10000.0,87000.0
2,100000002741024100 → 100000001439416100 → 100000002741024100,10000.0,20000.0
2,100000005142492100 → 100000002870463100 → 100000005142492100,10000.0,67000.0
2,100000005882013100 → 100000005074393100 → 100000005882013100,10000.0,130000.0
3,100000004007116100 → 100000004005964100 → 100000002731501100 → 100000004007116100,10000.0,221960.0
3,100000004007116100 → 100000002731501100 → 100000004160650100 → 100000004007116100,10000.0,585744.0
3,100000004160650100 → 100000004005964100 → 100000002731501100 → 100000004160650100,10000.0,97900.0
3,100000004336312100 → 100000004017410100 → 100000003934614100 → 100000004336312100,10000.0,74150.0
3,100000003390036100 → 100000005873152100 → 100000003360542100 → 100000003390036100,10000.0,41300.0
4,100000004007116100 → 100000004005964100 → 100000002731501100 → 100000004160650100 → 100000004007116100,10000.0,595744.0
4,100000004007116100 → 100000004005964100 → 100000003616818100 → 100000004160650100 → 100000004007116100,10000.0,615844.0
4,100000004007116100 → 100000002731501100 → 100000004160650100 → 100000004005964100 → 100000004007116100,10000.0,124900.0
4,100000004007116100 → 100000003616818100 → 100000004005964100 → 100000002731501100 → 100000004007116100,10000.0,266960.0
4,100000004160650100 → 100000003616818100 → 100000004005964100 → 100000002731501100 → 100000004160650100,10000.0,118000.0
4,100000004070318100 → 100000008603629100 → 100000007639767100 → 100000006866783100 → 100000004070318100,10000.0,121573.0
4,100000004070318100 → 100000008603629100 → 100000007639767100 → 100000004400305100 → 100000004070318100,10000.0,79848.0
4,100000004070318100 → 100000008477350100 → 100000007639767100 → 100000006866783100 → 100000004070318100,10000.0,116030.0
4,100000004070318100 → 100000008477350100 → 100000007639767100 → 100000004400305100 → 100000004070318100,10000.0,74305.0
4,100000004070318100 → 100000004400305100 → 100000003213473100 → 100000006866783100 → 100000004070318100,10000.0,152025.0
4,100000004070318100 → 100000006866783100 → 100000007639767100 → 100000004400305100 → 100000004070318100,10000.0,141018.0
4,100000004070318100 → 100000006866783100 → 100000000089154100 → 100000000437046100 → 100000004070318100,10000.0,217000.0
4,100000008587459100 → 100000006866783100 → 100000007639767100 → 100000004400305100 → 100000008587459100,10000.0,261025.0
4,100000003796063100 → 100000006866783100 → 100000000089154100 → 100000008111003100 → 100000003796063100,10000.0,166200.0
4,100000003796063100 → 100000008477350100 → 100000007593823100 → 100000008111003100 → 100000003796063100,10000.0,188000.0
4,100000008686313100 → 100000006866783100 → 100000007639767100 → 100000004400305100 → 100000008686313100,10000.0,163535.0
4,100000008686313100 → 100000006866783100 → 100000000089154100 → 100000000437046100 → 100000008686313100,10000.0,1195083.0
4,100000008686313100 → 100000008477350100 → 100000007639767100 → 100000006866783100 → 100000008686313100,10000.0,277286.0
4,100000008686313100 → 100000008477350100 → 100000007639767100 → 100000004400305100 → 100000008686313100,10000.0,134522.0
4,100000008686313100 → 100000000437046100 → 100000007639767100 → 100000006866783100 → 100000008686313100,10000.0,292249.0
4,100000008686313100 → 100000000437046100 → 100000007639767100 → 100000004400305100 → 100000008686313100,10000.0,149485.0
4,100000008686313100 → 100000008603629100 → 100000007639767100 → 100000006866783100 → 100000008686313100,10000.0,314403.0
4,100000008686313100 → 100000008603629100 → 100000007639767100 → 100000004400305100 → 100000008686313100,10000.0,171639.0
4,100000004847758100 → 100000008603629100 → 100000007639767100 → 100000006866783100 → 100000004847758100,10000.0,94497.0
4,100000004847758100 → 100000008603629100 → 100000007639767100 → 100000004400305100 → 100000004847758100,10000.0,122789.0
4,100000004351795100 → 100000000437046100 → 100000007639767100 → 100000006866783100 → 100000004351795100,10000.0,646272.0
4,100000004351795100 → 100000008603629100 → 100000007639767100 → 100000006866783100 → 100000004351795100,10000.0,177126.0
4,100000004390333100 → 100000000437046100 → 100000007639767100 → 100000006866783100 → 100000004390333100,10000.0,183619.0
4,100000004390333100 → 100000000437046100 → 100000007639767100 → 100000004400305100 → 100000004390333100,10000.0,156675.0
4,100000004390333100 → 100000008603629100 → 100000007639767100 → 100000006866783100 → 100000004390333100,10000.0,139473.0
4,100000004390333100 → 100000008603629100 → 100000007639767100 → 100000004400305100 → 100000004390333100,10000.0,112529.0
4,100000004390333100 → 100000006866783100 → 100000007639767100 → 100000004400305100 → 100000004390333100,10000.0,111825.0
4,100000004390333100 → 100000008477350100 → 100000007639767100 → 100000006866783100 → 100000004390333100,10000.0,112056.0
4,100000004390333100 → 100000008477350100 → 100000007639767100 → 100000004400305100 → 100000004390333100,10000.0,85112.0
4,100000008443341100 → 100000008477350100 → 100000007639767100 → 100000006866783100 → 100000008443341100,10000.0,67805.0
4,100000008603629100 → 100000007639767100 → 100000006866783100 → 100000008304139100 → 100000008603629100,10000.0,216289.0
4,100000008603629100 → 100000007639767100 → 100000006866783100 → 100000002306369100 → 100000008603629100,10000.0,127788.0
4,100000008603629100 → 100000007639767100 → 100000004400305100 → 100000005910114100 → 100000008603629100,10000.0,359514.0
4,100000008603629100 → 100000007639767100 → 100000004400305100 → 100000002723538100 → 100000008603629100,10000.0,133722.0
4,100000008603629100 → 100000007639767100 → 100000004400305100 → 100000008304139100 → 100000008603629100,10000.0,238823.0
4,100000008603629100 → 100000007639767100 → 100000004400305100 → 100000005048668100 → 100000008603629100,10000.0,108890.0
4,100000001660397100 → 100000008477350100 → 100000007639767100 → 100000006866783100 → 100000001660397100,10000.0,57605.0
4,100000005910114100 → 100000006866783100 → 100000007639767100 → 100000004400305100 → 100000005910114100,10000.0,367898.0
4,100000008304139100 → 100000006866783100 → 100000007639767100 → 100000004400305100 → 100000008304139100,10000.0,223119.0
4,100000008304139100 → 100000008477350100 → 100000007639767100 → 100000006866783100 → 100000008304139100,10000.0,109872.0
4,100000008304139100 → 100000008477350100 → 100000007639767100 → 100000004400305100 → 100000008304139100,10000.0,132406.0
4,100000008304139100 → 100000000437046100 → 100000007639767100 → 100000006866783100 → 100000008304139100,10000.0,91435.0
4,100000008304139100 → 100000000437046100 → 100000007639767100 → 100000004400305100 → 100000008304139100,10000.0,113969.0
4,100000006866783100 → 100000002306369100 → 100000008477350100 → 100000007639767100 → 100000006866783100,10000.0,134471.0
4,100000006866783100 → 100000007639767100 → 100000004400305100 → 100000003213473100 → 100000006866783100,10000.0,100518.0
4,100000006866783100 → 100000007639767100 → 100000004400305100 → 100000001609499100 → 100000006866783100,10000.0,157538.0
4,100000006866783100 → 100000000089154100 → 100000000437046100 → 100000007639767100 → 100000006866783100,10000.0,79868.0
4,100000005519998100 → 100000004017410100 → 100000003934614100 → 100000004336312100 → 100000005519998100,10000.0,182500.0
4,100000003390036100 → 100000005873152100 → 100000003360542100 → 100000003115284100 → 100000003390036100,10000.0,260500.0
5,100000004007116100 → 100000004005964100 → 100000003616818100 → 100000004160650100 → 100000002731501100 → 100000004007116100,10000.0,832430.0
5,100000004007116100 → 100000002731501100 → 100000004160650100 → 100000003616818100 → 100000004005964100 → 100000004007116100,10000.0,145000.0
5,100000004007116100 → 100000003616818100 → 100000004160650100 → 100000004005964100 → 100000002731501100 → 100000004007116100,10000.0,309960.0
5,100000004007116100 → 100000003616818100 → 100000004005964100 → 100000002731501100 → 100000004160650100 → 100000004007116100,10000.0,640744.0
5,100000008587459100 → 100000006866783100 → 100000007639767100 → 100000004400305100 → 100000008304139100 → 100000008587459100,10000.0,223619.0
5,100000008686313100 → 100000008477350100 → 100000007639767100 → 100000006866783100 → 100000008137435100 → 100000008686313100,10000.0,147411.0
5,100000008686313100 → 100000000437046100 → 100000007639767100 → 100000006866783100 → 100000008137435100 → 100000008686313100,10000.0,162374.0
5,100000008686313100 → 100000008603629100 → 100000007639767100 → 100000006866783100 → 100000008137435100 → 100000008686313100,10000.0,184528.0
5,100000008603629100 → 100000007639767100 → 100000006866783100 → 100000008304139100 → 100000001857829100 → 100000008603629100,10000.0,135289.0
5,100000008603629100 → 100000007639767100 → 100000006866783100 → 100000002306369100 → 100000002723538100 → 100000008603629100,10000.0,211888.0
5,100000008603629100 → 100000007639767100 → 100000004400305100 → 100000005910114100 → 100000001857829100 → 100000008603629100,10000.0,201925.0
5,100000008603629100 → 100000007639767100 → 100000004400305100 → 100000008304139100 → 100000001857829100 → 100000008603629100,10000.0,157823.0
4,100000004400305100 → 100000005052998100 → 100000008477350100 → 100000007639767100 → 100000004400305100,9500.0,64205.0
2,100000000580561100 → 100000007939160100 → 100000000580561100,9300.0,804300.0
2,100000004400305100 → 100000003213473100 → 100000004400305100,9000.0,66500.0
2,100000002527114100 → 100000006656003100 → 100000002527114100,9000.0,29000.0
4,100000003796063100 → 100000004400305100 → 100000005910114100 → 100000008111003100 → 100000003796063100,9000.0,193184.0
4,100000003796063100 → 100000004400305100 → 100000007593823100 → 100000008111003100 → 100000003796063100,9000.0,71000.0
4,100000005287097100 → 100000004156082100 → 100000004188160100 → 100000003016635100 → 100000005287097100,8600.0,187823.0
5,100000004188160100 → 100000003016635100 → 100000008188026100 → 100000004527381100 → 100000004156082100 → 100000004188160100,8600.0,483157.28
2,100000002175422100 → 100000002975437100 → 100000002175422100,8500.0,538500.0
2,100000005546031100 → 100000005547096100 → 100000005546031100,8000.0,24300.0
2,100000001788284100 → 100000001526235100 → 100000001788284100,8000.0,64000.0
2,100000001899164100 → 100000002193259100 → 100000001899164100,8000.0,17500.0
2,100000003886323100 → 100000007749092100 → 100000003886323100,7650.0,78025.0
4,100000004070318100 → 100000002957787100 → 100000002645993100 → 100000008413748100 → 100000004070318100,7600.0,64601.55
5,100000004070318100 → 100000002957787100 → 100000008137435100 → 100000008686313100 → 100000006866783100 → 100000004070318100,7600.0,221825.0
5,100000004070318100 → 100000002957787100 → 100000008137435100 → 100000008686313100 → 100000000437046100 → 100000004070318100,7600.0,228200.0
2,100000005077484100 → 100000001380054100 → 100000005077484100,7050.0,157050.0
2,100000002838861100 → 100000002812641100 → 100000002838861100,7023.95,17023.95
2,100000004076740100 → 100000004467157100 → 100000004076740100,7000.0,27000.0
2,100000005911352100 → 100000004508696100 → 100000005911352100,7000.0,14000.0
3,100000005519998100 → 100000003934614100 → 100000004336312100 → 100000005519998100,7000.0,38500.0
4,100000005519998100 → 100000003934614100 → 100000004336312100 → 100000004017410100 → 100000005519998100,7000.0,213150.0
2,100000005048668100 → 100000008346837100 → 100000005048668100,6500.0,13500.0
2,100000006912294100 → 100000006443391100 → 100000006912294100,6335.09,31335.09
3,100000004321983100 → 100000005171642100 → 100000004221668100 → 100000004321983100,6200.0,700640.0
4,100000005287097100 → 100000003016635100 → 100000001049200100 → 100000004156082100 → 100000005287097100,6014.0,435964.0
4,100000001049200100 → 100000004156082100 → 100000004188160100 → 100000003016635100 → 100000001049200100,6014.0,53614.0
2,100000001526235100 → 100000000926766100 → 100000001526235100,6000.0,24750.0
2,100000004071070100 → 100000004071080100 → 100000004071070100,6000.0,42000.0
4,100000004070318100 → 100000002957787100 → 100000008632060100 → 100000004400305100 → 100000004070318100,6000.0,76600.0
4,100000004070318100 → 100000002957787100 → 100000008632060100 → 100000006866783100 → 100000004070318100,6000.0,98325.0
4,100000004070318100 → 100000002957787100 → 100000008632060100 → 100000000437046100 → 100000004070318100,6000.0,171100.0
4,100000005910114100 → 100000002957787100 → 100000008632060100 → 100000004400305100 → 100000005910114100,6000.0,185024.0
2,100000002741024100 → 100000008680912100 → 100000002741024100,5990.85,51102.85
2,100000003148220100 → 100000004971871100 → 100000003148220100,5650.0,31050.0
2,100000000706545100 → 100000006901046100 → 100000000706545100,5500.0,81300.0
2,100000008686247100 → 100000005664922100 → 100000008686247100,5000.0,27000.0
2,100000008659445100 → 100000005456919100 → 100000008659445100,5000.0,268950.0
2,100000001740277100 → 100000001677929100 → 100000001740277100,5000.0,13700.0
2,100000001049200100 → 100000003016635100 → 100000001049200100,5000.0,11014.0
2,100000007593823100 → 100000008346837100 → 100000007593823100,5000.0,10800.0
2,100000004715209100 → 100000008603331100 → 100000004715209100,5000.0,16500.0
2,100000004386331100 → 100000004386258100 → 100000004386331100,5000.0,25000.0
2,100000004765639100 → 100000004180097100 → 100000004765639100,5000.0,11000.0
2,100000007322059100 → 100000004552204100 → 100000007322059100,5000.0,27500.0
2,100000005367445100 → 100000005413948100 → 100000005367445100,5000.0,10000.0
2,100000008582730100 → 100000008546855100 → 100000008582730100,5000.0,10000.0
2,100000008546855100 → 100000007689942100 → 100000008546855100,5000.0,10000.0
2,100000001232297100 → 100000005074393100 → 100000001232297100,5000.0,35000.0
2,100000003741418100 → 100000006111439100 → 100000003741418100,5000.0,10720.0
2,100000006274203100 → 100000007594394100 → 100000006274203100,5000.0,3381312.0
2,100000000076451100 → 100000004629688100 → 100000000076451100,5000.0,20000.0
2,100000005339662100 → 100000005175148100 → 100000005339662100,5000.0,20000.0
2,100000002578405100 → 100000005041905100 → 100000002578405100,5000.0,1085351.0
2,100000005602999100 → 100000003635170100 → 100000005602999100,5000.0,16000.0
3,100000008193577100 → 100000005456919100 → 100000008659445100 → 100000008193577100,5000.0,308000.0
3,100000008686313100 → 100000000437046100 → 100000008603629100 → 100000008686313100,5000.0,109893.0
3,100000004351795100 → 100000000437046100 → 100000008603629100 → 100000004351795100,5000.0,569418.0
3,100000008603629100 → 100000007639767100 → 100000000437046100 → 100000008603629100,5000.0,78722.0
3,100000004765639100 → 100000002293421100 → 100000004180097100 → 100000004765639100,5000.0,32000.0
3,100000001232297100 → 100000005882013100 → 100000005074393100 → 100000001232297100,5000.0,30000.0
4,100000008736940100 → 100000008193577100 → 100000005456919100 → 100000008659445100 → 100000008736940100,5000.0,540800.0
4,100000003796063100 → 100000008346837100 → 100000007593823100 → 100000008111003100 → 100000003796063100,5000.0,169000.0
4,100000005287097100 → 100000003016635100 → 100000008169544100 → 100000004156082100 → 100000005287097100,5000.0,551054.0
4,100000008121806100 → 100000008346837100 → 100000005910114100 → 100000001857829100 → 100000008121806100,5000.0,213044.0
4,100000008169544100 → 100000004156082100 → 100000004188160100 → 100000003016635100 → 100000008169544100,5000.0,168704.0
5,100000008736940100 → 100000008193577100 → 100000005456919100 → 100000008659445100 → 100000008751429100 → 100000008736940100,5000.0,632600.0
5,100000008413748100 → 100000008304139100 → 100000000437046100 → 100000008603629100 → 100000001660397100 → 100000008413748100,5000.0,103391.75
5,100000008686313100 → 100000006866783100 → 100000008304139100 → 100000000437046100 → 100000008603629100 → 100000008686313100,5000.0,182360.0
5,100000008686313100 → 100000006866783100 → 100000004351795100 → 100000000437046100 → 100000008603629100 → 100000008686313100,5000.0,737197.0
5,100000008686313100 → 100000006866783100 → 100000007639767100 → 100000000437046100 → 100000008603629100 → 100000008686313100,5000.0,201811.0
5,100000008686313100 → 100000006866783100 → 100000004390333100 → 100000000437046100 → 100000008603629100 → 100000008686313100,5000.0,274544.0
5,100000008686313100 → 100000006866783100 → 100000000089154100 → 100000000437046100 → 100000008603629100 → 100000008686313100,5000.0,170793.0
5,100000008686313100 → 100000008477350100 → 100000008086440100 → 100000000437046100 → 100000008603629100 → 100000008686313100,5000.0,347726.0
5,100000008686313100 → 100000008477350100 → 100000007639767100 → 100000000437046100 → 100000008603629100 → 100000008686313100,5000.0,172798.0
5,100000008686313100 → 100000000437046100 → 100000008603629100 → 100000001609499100 → 100000006866783100 → 100000008686313100,5000.0,326037.0
5,100000008686313100 → 100000000437046100 → 100000008603629100 → 100000007639767100 → 100000006866783100 → 100000008686313100,5000.0,293103.0
5,100000008686313100 → 100000000437046100 → 100000008603629100 → 100000007639767100 → 100000004400305100 → 100000008686313100,5000.0,150339.0
5,100000008686313100 → 100000000437046100 → 100000008603629100 → 100000001660397100 → 100000006866783100 → 100000008686313100,5000.0,312681.0
5,100000008121806100 → 100000008346837100 → 100000005910114100 → 100000008603629100 → 100000001857829100 → 100000008121806100,5000.0,804633.0
5,100000008121806100 → 100000008346837100 → 100000004351795100 → 100000008603629100 → 100000001857829100 → 100000008121806100,5000.0,586511.0
5,100000008121806100 → 100000008346837100 → 100000005048668100 → 100000008603629100 → 100000001857829100 → 100000008121806100,5000.0,551500.0
5,100000004351795100 → 100000000437046100 → 100000008603629100 → 100000001609499100 → 100000006866783100 → 100000004351795100,5000.0,680060.0
5,100000004351795100 → 100000000437046100 → 100000008603629100 → 100000007639767100 → 100000006866783100 → 100000004351795100,5000.0,647126.0
5,100000004351795100 → 100000000437046100 → 100000008603629100 → 100000001660397100 → 100000006866783100 → 100000004351795100,5000.0,666704.0
5,100000004351795100 → 100000003242289100 → 100000008304139100 → 100000000437046100 → 100000008603629100 → 100000004351795100,5000.0,199988.0
5,100000008086440100 → 100000000437046100 → 100000008603629100 → 100000001660397100 → 100000008477350100 → 100000008086440100,5000.0,287533.0
5,100000004390333100 → 100000000437046100 → 100000008603629100 → 100000001609499100 → 100000006866783100 → 100000004390333100,5000.0,217407.0
5,100000004390333100 → 100000000437046100 → 100000008603629100 → 100000007639767100 → 100000006866783100 → 100000004390333100,5000.0,184473.0
5,100000004390333100 → 100000000437046100 → 100000008603629100 → 100000007639767100 → 100000004400305100 → 100000004390333100,5000.0,157529.0
5,100000004390333100 → 100000000437046100 → 100000008603629100 → 100000001660397100 → 100000006866783100 → 100000004390333100,5000.0,204051.0
5,100000008603629100 → 100000001609499100 → 100000006866783100 → 100000008304139100 → 100000000437046100 → 100000008603629100,5000.0,125223.0
5,100000008603629100 → 100000001609499100 → 100000006866783100 → 100000007639767100 → 100000000437046100 → 100000008603629100,5000.0,144674.0
5,100000008603629100 → 100000001609499100 → 100000006866783100 → 100000000089154100 → 100000000437046100 → 100000008603629100,5000.0,113656.0
5,100000008603629100 → 100000007639767100 → 100000006866783100 → 100000008304139100 → 100000000437046100 → 100000008603629100,5000.0,92289.0
5,100000008603629100 → 100000007639767100 → 100000006866783100 → 100000000089154100 → 100000000437046100 → 100000008603629100,5000.0,80722.0
5,100000008603629100 → 100000007639767100 → 100000004400305100 → 100000008304139100 → 100000000437046100 → 100000008603629100,5000.0,114823.0
5,100000008603629100 → 100000001660397100 → 100000008477350100 → 100000007639767100 → 100000000437046100 → 100000008603629100,5000.0,112605.0
5,100000008603629100 → 100000001660397100 → 100000006866783100 → 100000008304139100 → 100000000437046100 → 100000008603629100,5000.0,111867.0
5,100000008603629100 → 100000001660397100 → 100000006866783100 → 100000007639767100 → 100000000437046100 → 100000008603629100,5000.0,131318.0
5,100000008603629100 → 100000001660397100 → 100000006866783100 → 100000000089154100 → 100000000437046100 → 100000008603629100,5000.0,100300.0
5,100000008603629100 → 100000002723538100 → 100000003242289100 → 100000008304139100 → 100000000437046100 → 100000008603629100,5000.0,232217.0
