gid,request,reason,node_priority
100000008165763100,Входящие переводы от клиентов вне выборки / других банков,"отправил на 102 тыс ₸ больше, чем получил в выборке",0.8866
100000008603629100,Входящие переводы от клиентов вне выборки / других банков,"отправил на 3,17 млн ₸ больше, чем получил в выборке",0.864
100000000331309100,Входящие переводы от клиентов вне выборки / других банков,"отправил на 22,02 млн ₸ больше, чем получил в выборке",0.8558
100000008346837100,Входящие переводы от клиентов вне выборки / других банков,"отправил на 1,00 млн ₸ больше, чем получил в выборке",0.834
100000002578405100,Входящие переводы от клиентов вне выборки / других банков,"отправил на 1,91 млн ₸ больше, чем получил в выборке",0.8184
100000008304139100,Входящие переводы от клиентов вне выборки / других банков,"отправил на 1,50 млн ₸ больше, чем получил в выборке",0.8183
100000001697501100,Входящие переводы от клиентов вне выборки / других банков,"отправил на 1,36 млн ₸ больше, чем получил в выборке",0.8158
100000003684369100,Входящие переводы от клиентов вне выборки / других банков,"отправил на 4,74 млн ₸ больше, чем получил в выборке",0.8148
100000004070318100,Входящие переводы от клиентов вне выборки / других банков,"отправил на 345 тыс ₸ больше, чем получил в выборке",0.7991
100000005287097100,Входящие переводы от клиентов вне выборки / других банков,"отправил на 570 тыс ₸ больше, чем получил в выборке",0.7841
100000005910114100,Входящие переводы от клиентов вне выборки / других банков,"отправил на 1,14 млн ₸ больше, чем получил в выборке",0.7821
100000008477350100,Входящие переводы от клиентов вне выборки / других банков,"отправил на 2,76 млн ₸ больше, чем получил в выборке",0.7707
100000006866783100,Входящие переводы от клиентов вне выборки / других банков,"отправил на 3,11 млн ₸ больше, чем получил в выборке",0.769
100000000437046100,Входящие переводы от клиентов вне выборки / других банков,"отправил на 6,50 млн ₸ больше, чем получил в выборке",0.7666
100000004156082100,Входящие переводы от клиентов вне выборки / других банков,"отправил на 1,94 млн ₸ больше, чем получил в выборке",0.7618
100000008636603100,Входящие переводы от клиентов вне выборки / других банков,"отправил на 124 тыс ₸ больше, чем получил в выборке",0.7603
100000008748914100,Входящие переводы от клиентов вне выборки / других банков,"отправил на 4,29 млн ₸ больше, чем получил в выборке",0.7585
100000004351795100,Входящие переводы от клиентов вне выборки / других банков,"отправил на 1,60 млн ₸ больше, чем получил в выборке",0.7573
100000008489922100,Входящие переводы от клиентов вне выборки / других банков,"отправил на 3,53 млн ₸ больше, чем получил в выборке",0.7563
100000003796063100,Входящие переводы от клиентов вне выборки / других банков,"отправил на 924 тыс ₸ больше, чем получил в выборке",0.749
100000005704413100,Входящие переводы от клиентов вне выборки / других банков,"отправил на 1,27 млн ₸ больше, чем получил в выборке",0.7383
100000002731501100,Входящие переводы от клиентов вне выборки / других банков,"отправил на 264 тыс ₸ больше, чем получил в выборке",0.7377
100000002527114100,Входящие переводы от клиентов вне выборки / других банков,"отправил на 3,16 млн ₸ больше, чем получил в выборке",0.736
100000004390333100,Входящие переводы от клиентов вне выборки / других банков,"отправил на 442 тыс ₸ больше, чем получил в выборке",0.7351
100000003880331100,Входящие переводы от клиентов вне выборки / других банков,"отправил на 3,80 млн ₸ больше, чем получил в выборке",0.7328
100000003016635100,Входящие переводы от клиентов вне выборки / других банков,"отправил на 8,83 млн ₸ больше, чем получил в выборке",0.7309
100000008547948100,Входящие переводы от клиентов вне выборки / других банков,"отправил на 4,97 млн ₸ больше, чем получил в выборке",0.7306
100000001857829100,Входящие переводы от клиентов вне выборки / других банков,"отправил на 1,50 млн ₸ больше, чем получил в выборке",0.7304
100000004400305100,Входящие переводы от клиентов вне выборки / других банков,"отправил на 5,61 млн ₸ больше, чем получил в выборке",0.7232
100000005933757100,Входящие переводы от клиентов вне выборки / других банков,"отправил на 1,76 млн ₸ больше, чем получил в выборке",0.722
100000002224132100,Входящие переводы от клиентов вне выборки / других банков,"отправил на 8,16 млн ₸ больше, чем получил в выборке",0.7216
100000007639767100,Входящие переводы от клиентов вне выборки / других банков,"отправил на 731 тыс ₸ больше, чем получил в выборке",0.7197
100000008710791100,Входящие переводы от клиентов вне выборки / других банков,"отправил на 5,34 млн ₸ больше, чем получил в выборке",0.7188
100000003242289100,Входящие переводы от клиентов вне выборки / других банков,"отправил на 1,83 млн ₸ больше, чем получил в выборке",0.7188
100000005782781100,Входящие переводы от клиентов вне выборки / других банков,"отправил на 1,09 млн ₸ больше, чем получил в выборке",0.7187
100000000089154100,Входящие переводы от клиентов вне выборки / других банков,"отправил на 416 тыс ₸ больше, чем получил в выборке",0.7166
100000008461532100,Входящие переводы от клиентов вне выборки / других банков,"отправил на 1,96 млн ₸ больше, чем получил в выборке",0.7124
100000001937767100,Входящие переводы от клиентов вне выборки / других банков,"отправил на 1,88 млн ₸ больше, чем получил в выборке",0.7115
100000008637537100,Входящие переводы от клиентов вне выборки / других банков,"отправил на 1,73 млн ₸ больше, чем получил в выборке",0.7109
100000002957787100,Входящие переводы от клиентов вне выборки / других банков,"отправил на 1,19 млн ₸ больше, чем получил в выборке",0.7109
100000007594394100,Входящие переводы от клиентов вне выборки / других банков,"отправил на 2,98 млн ₸ больше, чем получил в выборке",0.7079
100000008730846100,Входящие переводы от клиентов вне выборки / других банков,"отправил на 208 тыс ₸ больше, чем получил в выборке",0.7073
100000008547844100,Входящие переводы от клиентов вне выборки / других банков,"отправил на 1,86 млн ₸ больше, чем получил в выборке",0.7063
100000004847758100,Входящие переводы от клиентов вне выборки / других банков,"отправил на 374 тыс ₸ больше, чем получил в выборке",0.7063
100000008748408100,Входящие переводы от клиентов вне выборки / других банков,"отправил на 1,14 млн ₸ больше, чем получил в выборке",0.703
100000005578559100,Входящие переводы от клиентов вне выборки / других банков,"отправил на 762 тыс ₸ больше, чем получил в выборке",0.6999
100000003923946100,Входящие переводы от клиентов вне выборки / других банков,"отправил на 393 тыс ₸ больше, чем получил в выборке",0.6981
100000008466579100,Входящие переводы от клиентов вне выборки / других банков,"отправил на 1,90 млн ₸ больше, чем получил в выборке",0.6969
100000001530983100,Входящие переводы от клиентов вне выборки / других банков,"отправил на 1,27 млн ₸ больше, чем получил в выборке",0.6954
100000008413748100,Входящие переводы от клиентов вне выборки / других банков,"отправил на 1,35 млн ₸ больше, чем получил в выборке",0.6947
100000008512552100,Входящие переводы от клиентов вне выборки / других банков,"отправил на 908 тыс ₸ больше, чем получил в выборке",0.6919
100000000343175100,Входящие переводы от клиентов вне выборки / других банков,"отправил на 3,82 млн ₸ больше, чем получил в выборке",0.6918
100000005612411100,Входящие переводы от клиентов вне выборки / других банков,"отправил на 391 тыс ₸ больше, чем получил в выборке",0.6867
100000002849158100,Входящие переводы от клиентов вне выборки / других банков,"отправил на 590 тыс ₸ больше, чем получил в выборке",0.6807
100000008731444100,Входящие переводы от клиентов вне выборки / других банков,"отправил на 441 тыс ₸ больше, чем получил в выборке",0.6805
100000007442518100,Входящие переводы от клиентов вне выборки / других банков,"отправил на 3,91 млн ₸ больше, чем получил в выборке",0.6792
100000008137435100,Входящие переводы от клиентов вне выборки / других банков,"отправил на 1,33 млн ₸ больше, чем получил в выборке",0.6782
100000006707582100,Входящие переводы от клиентов вне выборки / других банков,"отправил на 922 тыс ₸ больше, чем получил в выборке",0.6775
100000008460102100,Входящие переводы от клиентов вне выборки / других банков,"отправил на 459 тыс ₸ больше, чем получил в выборке",0.6771
100000008193577100,Входящие переводы от клиентов вне выборки / других банков,"отправил на 326 тыс ₸ больше, чем получил в выборке",0.6715
100000000332284100,Входящие переводы от клиентов вне выборки / других банков,"отправил на 182 тыс ₸ больше, чем получил в выборке",0.6694
100000001965374100,Входящие переводы от клиентов вне выборки / других банков,"отправил на 1,32 млн ₸ больше, чем получил в выборке",0.6693
100000004160650100,Входящие переводы от клиентов вне выборки / других банков,"отправил на 1,41 млн ₸ больше, чем получил в выборке",0.6692
100000008389800100,Входящие переводы от клиентов вне выборки / других банков,"отправил на 213 тыс ₸ больше, чем получил в выборке",0.6672
100000002217161100,Входящие переводы от клиентов вне выборки / других банков,"отправил на 590 тыс ₸ больше, чем получил в выборке",0.666
100000004150593100,Входящие переводы от клиентов вне выборки / других банков,"отправил на 814 тыс ₸ больше, чем получил в выборке",0.6652
100000008603331100,Входящие переводы от клиентов вне выборки / других банков,"отправил на 702 тыс ₸ больше, чем получил в выборке",0.6647
100000003589877100,Входящие переводы от клиентов вне выборки / других банков,"отправил на 240 тыс ₸ больше, чем получил в выборке",0.6647
100000002723538100,Входящие переводы от клиентов вне выборки / других банков,"отправил на 455 тыс ₸ больше, чем получил в выборке",0.6617
100000008465789100,Входящие переводы от клиентов вне выборки / других банков,"отправил на 1,83 млн ₸ больше, чем получил в выборке",0.6617
100000005242320100,Входящие переводы от клиентов вне выборки / других банков,"отправил на 8,57 млн ₸ больше, чем получил в выборке",0.6613
100000004140487100,Входящие переводы от клиентов вне выборки / других банков,"отправил на 238 тыс ₸ больше, чем получил в выборке",0.6599
100000006579678100,Входящие переводы от клиентов вне выборки / других банков,"отправил на 1,48 млн ₸ больше, чем получил в выборке",0.6594
100000004527381100,Входящие переводы от клиентов вне выборки / других банков,"отправил на 155 тыс ₸ больше, чем получил в выборке",0.6578
100000008517538100,Входящие переводы от клиентов вне выборки / других банков,"отправил на 1,28 млн ₸ больше, чем получил в выборке",0.6576
100000004077081100,Входящие переводы от клиентов вне выборки / других банков,"отправил на 475 тыс ₸ больше, чем получил в выборке",0.6544
100000005074393100,Входящие переводы от клиентов вне выборки / других банков,"отправил на 122 тыс ₸ больше, чем получил в выборке",0.651
100000003366154100,Входящие переводы от клиентов вне выборки / других банков,"отправил на 164 тыс ₸ больше, чем получил в выборке",0.6493
100000004041163100,Входящие переводы от клиентов вне выборки / других банков,"отправил на 816 тыс ₸ больше, чем получил в выборке",0.6487
100000000267734100,Входящие переводы от клиентов вне выборки / других банков,"отправил на 102 тыс ₸ больше, чем получил в выборке",0.6475
100000008172352100,Входящие переводы от клиентов вне выборки / других банков,"отправил на 199 тыс ₸ больше, чем получил в выборке",0.6448
100000008545727100,Входящие переводы от клиентов вне выборки / других банков,"отправил на 1,84 млн ₸ больше, чем получил в выборке",0.6447
100000001380054100,Входящие переводы от клиентов вне выборки / других банков,"отправил на 233 тыс ₸ больше, чем получил в выборке",0.644
100000002152857100,Входящие переводы от клиентов вне выборки / других банков,"отправил на 1,12 млн ₸ больше, чем получил в выборке",0.6436
100000000274067100,Входящие переводы от клиентов вне выборки / других банков,"отправил на 2,45 млн ₸ больше, чем получил в выборке",0.6418
100000008121806100,Входящие переводы от клиентов вне выборки / других банков,"отправил на 182 тыс ₸ больше, чем получил в выборке",0.6384
100000002267998100,Входящие переводы от клиентов вне выборки / других банков,"отправил на 695 тыс ₸ больше, чем получил в выборке",0.6384
100000002733905100,Входящие переводы от клиентов вне выборки / других банков,"отправил на 618 тыс ₸ больше, чем получил в выборке",0.638
100000004670388100,Входящие переводы от клиентов вне выборки / других банков,"отправил на 560 тыс ₸ больше, чем получил в выборке",0.6369
100000008213966100,Входящие переводы от клиентов вне выборки / других банков,"отправил на 250 тыс ₸ больше, чем получил в выборке",0.6344
100000002175422100,Входящие переводы от клиентов вне выборки / других банков,"отправил на 1,55 млн ₸ больше, чем получил в выборке",0.6316
100000007864477100,Входящие переводы от клиентов вне выборки / других банков,"отправил на 128 тыс ₸ больше, чем получил в выборке",0.6266
100000004717647100,Входящие переводы от клиентов вне выборки / других банков,"отправил на 1,94 млн ₸ больше, чем получил в выборке",0.6265
100000003854444100,Входящие переводы от клиентов вне выборки / других банков,"отправил на 2,11 млн ₸ больше, чем получил в выборке",0.6258
100000004480280100,Входящие переводы от клиентов вне выборки / других банков,"отправил на 149 тыс ₸ больше, чем получил в выборке",0.6251
100000003016438100,Входящие переводы от клиентов вне выборки / других банков,"отправил на 100 тыс ₸ больше, чем получил в выборке",0.6242
100000003213473100,Входящие переводы от клиентов вне выборки / других банков,"отправил на 182 тыс ₸ больше, чем получил в выборке",0.6238
100000007382543100,Входящие переводы от клиентов вне выборки / других банков,"отправил на 209 тыс ₸ больше, чем получил в выборке",0.6228
100000008710843100,Входящие переводы от клиентов вне выборки / других банков,"отправил на 1,95 млн ₸ больше, чем получил в выборке",0.6217
100000005527892100,Входящие переводы от клиентов вне выборки / других банков,"отправил на 332 тыс ₸ больше, чем получил в выборке",0.6211
100000002032323100,Входящие переводы от клиентов вне выборки / других банков,"отправил на 750 тыс ₸ больше, чем получил в выборке",0.6175
100000008743913100,Входящие переводы от клиентов вне выборки / других банков,"отправил на 1,70 млн ₸ больше, чем получил в выборке",0.6174
100000001677929100,Входящие переводы от клиентов вне выборки / других банков,"отправил на 159 тыс ₸ больше, чем получил в выборке",0.6171
100000004906181100,Входящие переводы от клиентов вне выборки / других банков,"отправил на 2,37 млн ₸ больше, чем получил в выборке",0.6143
100000004398811100,Входящие переводы от клиентов вне выборки / других банков,"отправил на 615 тыс ₸ больше, чем получил в выборке",0.6135
100000008742053100,Входящие переводы от клиентов вне выборки / других банков,"отправил на 2,78 млн ₸ больше, чем получил в выборке",0.6127
100000003457710100,Входящие переводы от клиентов вне выборки / других банков,"отправил на 979 тыс ₸ больше, чем получил в выборке",0.6119
100000008512827100,Входящие переводы от клиентов вне выборки / других банков,"отправил на 1,84 млн ₸ больше, чем получил в выборке",0.6056
100000008430691100,Входящие переводы от клиентов вне выборки / других банков,"отправил на 585 тыс ₸ больше, чем получил в выборке",0.6032
100000003528285100,Входящие переводы от клиентов вне выборки / других банков,"отправил на 429 тыс ₸ больше, чем получил в выборке",0.6014
100000004715209100,Входящие переводы от клиентов вне выборки / других банков,"отправил на 345 тыс ₸ больше, чем получил в выборке",0.5999
100000004677680100,Входящие переводы от клиентов вне выборки / других банков,"отправил на 105 тыс ₸ больше, чем получил в выборке",0.5997
100000008722417100,Входящие переводы от клиентов вне выборки / других банков,"отправил на 388 тыс ₸ больше, чем получил в выборке",0.5991
100000008752616100,Входящие переводы от клиентов вне выборки / других банков,"отправил на 1,20 млн ₸ больше, чем получил в выборке",0.5991
100000001303311100,Операции за август 2026,"основные поступления 30–31 июля (1,32 млн ₸), продолжение не видно",0.5961
100000008746449100,Входящие переводы от клиентов вне выборки / других банков,"отправил на 999 тыс ₸ больше, чем получил в выборке",0.596
100000008188026100,Входящие переводы от клиентов вне выборки / других банков,"отправил на 252 тыс ₸ больше, чем получил в выборке",0.5958
100000002748180100,Входящие переводы от клиентов вне выборки / других банков,"отправил на 670 тыс ₸ больше, чем получил в выборке",0.5954
100000008258458100,Входящие переводы от клиентов вне выборки / других банков,"отправил на 1,54 млн ₸ больше, чем получил в выборке",0.5952
100000008758168100,Входящие переводы от клиентов вне выборки / других банков,"отправил на 1,46 млн ₸ больше, чем получил в выборке",0.5947
100000004209339100,Входящие переводы от клиентов вне выборки / других банков,"отправил на 100 тыс ₸ больше, чем получил в выборке",0.5945
100000001526235100,Входящие переводы от клиентов вне выборки / других банков,"отправил на 351 тыс ₸ больше, чем получил в выборке",0.5935
100000004017410100,Входящие переводы от клиентов вне выборки / других банков,"отправил на 1,14 млн ₸ больше, чем получил в выборке",0.5933
100000003154105100,Входящие переводы от клиентов вне выборки / других банков,"отправил на 278 тыс ₸ больше, чем получил в выборке",0.593
100000006240939100,Входящие переводы от клиентов вне выборки / других банков,"отправил на 618 тыс ₸ больше, чем получил в выборке",0.5921
100000001788284100,Входящие переводы от клиентов вне выборки / других банков,"отправил на 289 тыс ₸ больше, чем получил в выборке",0.592
100000001637376100,Входящие переводы от клиентов вне выборки / других банков,"отправил на 118 тыс ₸ больше, чем получил в выборке",0.5919
100000008587459100,Входящие переводы от клиентов вне выборки / других банков,"отправил на 505 тыс ₸ больше, чем получил в выборке",0.5902
100000005357705100,Входящие переводы от клиентов вне выборки / других банков,"отправил на 334 тыс ₸ больше, чем получил в выборке",0.5872
100000002306369100,Входящие переводы от клиентов вне выборки / других банков,"отправил на 188 тыс ₸ больше, чем получил в выборке",0.5869
100000007898453100,Входящие переводы от клиентов вне выборки / других банков,"отправил на 295 тыс ₸ больше, чем получил в выборке",0.5863
100000000580561100,Входящие переводы от клиентов вне выборки / других банков,"отправил на 1,46 млн ₸ больше, чем получил в выборке",0.586
100000005140601100,Входящие переводы от клиентов вне выборки / других банков,"отправил на 143 тыс ₸ больше, чем получил в выборке",0.5836
100000001162560100,Входящие переводы от клиентов вне выборки / других банков,"отправил на 2,57 млн ₸ больше, чем получил в выборке",0.5808
100000000413678100,Входящие переводы от клиентов вне выборки / других банков,"отправил на 222 тыс ₸ больше, чем получил в выборке",0.5783
100000008647905100,Входящие переводы от клиентов вне выборки / других банков,"отправил на 294 тыс ₸ больше, чем получил в выборке",0.5766
100000006977207100,Входящие переводы от клиентов вне выборки / других банков,"отправил на 3,74 млн ₸ больше, чем получил в выборке",0.5765
100000002963189100,Входящие переводы от клиентов вне выборки / других банков,"отправил на 4,73 млн ₸ больше, чем получил в выборке",0.5761
100000008490127100,Входящие переводы от клиентов вне выборки / других банков,"отправил на 491 тыс ₸ больше, чем получил в выборке",0.5759
100000008003034100,Входящие переводы от клиентов вне выборки / других банков,"отправил на 123 тыс ₸ больше, чем получил в выборке",0.5755
100000001287955100,Входящие переводы от клиентов вне выборки / других банков,"отправил на 292 тыс ₸ больше, чем получил в выборке",0.5737
100000000583220100,Входящие переводы от клиентов вне выборки / других банков,"отправил на 756 тыс ₸ больше, чем получил в выборке",0.5734
100000003001661100,Входящие переводы от клиентов вне выборки / других банков,"отправил на 330 тыс ₸ больше, чем получил в выборке",0.5725
100000002205022100,Входящие переводы от клиентов вне выборки / других банков,"отправил на 511 тыс ₸ больше, чем получил в выборке",0.5723
100000001893287100,Входящие переводы от клиентов вне выборки / других банков,"отправил на 135 тыс ₸ больше, чем получил в выборке",0.5719
100000004722765100,Входящие переводы от клиентов вне выборки / других банков,"отправил на 2,05 млн ₸ больше, чем получил в выборке",0.5682
100000008632060100,Входящие переводы от клиентов вне выборки / других банков,"отправил на 333 тыс ₸ больше, чем получил в выборке",0.5663
100000008571433100,Входящие переводы от клиентов вне выборки / других банков,"отправил на 1,08 млн ₸ больше, чем получил в выборке",0.5655
100000005665181100,Входящие переводы от клиентов вне выборки / других банков,"отправил на 136 тыс ₸ больше, чем получил в выборке",0.5655
100000000913911100,Входящие переводы от клиентов вне выборки / других банков,"отправил на 133 тыс ₸ больше, чем получил в выборке",0.5653
100000002748532100,Входящие переводы от клиентов вне выборки / других банков,"отправил на 291 тыс ₸ больше, чем получил в выборке",0.5631
100000005316708100,Входящие переводы от клиентов вне выборки / других банков,"отправил на 168 тыс ₸ больше, чем получил в выборке",0.5628
100000003616818100,Входящие переводы от клиентов вне выборки / других банков,"отправил на 162 тыс ₸ больше, чем получил в выборке",0.5626
100000003159641100,Входящие переводы от клиентов вне выборки / других банков,"отправил на 134 тыс ₸ больше, чем получил в выборке",0.5622
100000008659445100,Входящие переводы от клиентов вне выборки / других банков,"отправил на 737 тыс ₸ больше, чем получил в выборке",0.5613
100000008628231100,Входящие переводы от клиентов вне выборки / других банков,"отправил на 578 тыс ₸ больше, чем получил в выборке",0.5603
100000004420041100,Входящие переводы от клиентов вне выборки / других банков,"отправил на 582 тыс ₸ больше, чем получил в выборке",0.5597
100000003190207100,Входящие переводы от клиентов вне выборки / других банков,"отправил на 372 тыс ₸ больше, чем получил в выборке",0.5551
100000007593823100,Входящие переводы от клиентов вне выборки / других банков,"отправил на 138 тыс ₸ больше, чем получил в выборке",0.5512
100000006169033100,Входящие переводы от клиентов вне выборки / других банков,"отправил на 1,09 млн ₸ больше, чем получил в выборке",0.5508
100000002481974100,Входящие переводы от клиентов вне выборки / других банков,"отправил на 229 тыс ₸ больше, чем получил в выборке",0.5499
100000005634552100,Входящие переводы от клиентов вне выборки / других банков,"отправил на 1,17 млн ₸ больше, чем получил в выборке",0.5476
100000005075949100,Выписка исходящих за июль–август,"4-е колено: исходящие не выгружены; получил 2,23 млн ₸, p_forward=0.57",0.5475
100000008625905100,Входящие переводы от клиентов вне выборки / других банков,"отправил на 437 тыс ₸ больше, чем получил в выборке",0.5474
100000003917461100,Входящие переводы от клиентов вне выборки / других банков,"отправил на 130 тыс ₸ больше, чем получил в выборке",0.5457
100000004508696100,Входящие переводы от клиентов вне выборки / других банков,"отправил на 104 тыс ₸ больше, чем получил в выборке",0.5444
100000002622822100,Выписка исходящих за июль–август,"4-е колено: исходящие не выгружены; получил 750 тыс ₸, p_forward=0.26",0.5438
100000005664922100,Входящие переводы от клиентов вне выборки / других банков,"отправил на 515 тыс ₸ больше, чем получил в выборке",0.5434
100000008531133100,Входящие переводы от клиентов вне выборки / других банков,"отправил на 133 тыс ₸ больше, чем получил в выборке",0.5433
100000002773323100,Входящие переводы от клиентов вне выборки / других банков,"отправил на 887 тыс ₸ больше, чем получил в выборке",0.5429
100000000640800100,Входящие переводы от клиентов вне выборки / других банков,"отправил на 438 тыс ₸ больше, чем получил в выборке",0.5412
100000002241986100,Входящие переводы от клиентов вне выборки / других банков,"отправил на 2,80 млн ₸ больше, чем получил в выборке",0.5411
100000003835149100,Входящие переводы от клиентов вне выборки / других банков,"отправил на 4,35 млн ₸ больше, чем получил в выборке",0.5411
100000005048668100,Входящие переводы от клиентов вне выборки / других банков,"отправил на 143 тыс ₸ больше, чем получил в выборке",0.537
100000008601794100,Входящие переводы от клиентов вне выборки / других банков,"отправил на 377 тыс ₸ больше, чем получил в выборке",0.5349
100000003968044100,Входящие переводы от клиентов вне выборки / других банков,"отправил на 271 тыс ₸ больше, чем получил в выборке",0.5346
100000008761219100,Входящие переводы от клиентов вне выборки / других банков,"отправил на 325 тыс ₸ больше, чем получил в выборке",0.5345
100000007392365100,Входящие переводы от клиентов вне выборки / других банков,"отправил на 1,76 млн ₸ больше, чем получил в выборке",0.5326
100000004183610100,Входящие переводы от клиентов вне выборки / других банков,"отправил на 893 тыс ₸ больше, чем получил в выборке",0.5314
100000008713270100,Входящие переводы от клиентов вне выборки / других банков,"отправил на 160 тыс ₸ больше, чем получил в выборке",0.5313
100000003873332100,Входящие переводы от клиентов вне выборки / других банков,"отправил на 263 тыс ₸ больше, чем получил в выборке",0.5311
100000005767403100,Выписка исходящих за июль–август,"4-е колено: исходящие не выгружены; получил 1,10 млн ₸, p_forward=0.40",0.5296
100000008721637100,Входящие переводы от клиентов вне выборки / других банков,"отправил на 103 тыс ₸ больше, чем получил в выборке",0.5295
100000001052945100,Входящие переводы от клиентов вне выборки / других банков,"отправил на 1,54 млн ₸ больше, чем получил в выборке",0.5258
100000001317336100,Входящие переводы от клиентов вне выборки / других банков,"отправил на 1,62 млн ₸ больше, чем получил в выборке",0.5253
100000005031696100,Входящие переводы от клиентов вне выборки / других банков,"отправил на 110 тыс ₸ больше, чем получил в выборке",0.5202
100000000490383100,Входящие переводы от клиентов вне выборки / других банков,"отправил на 399 тыс ₸ больше, чем получил в выборке",0.5198
100000003977183100,Входящие переводы от клиентов вне выборки / других банков,"отправил на 642 тыс ₸ больше, чем получил в выборке",0.5181
100000001669260100,Выписка исходящих за июль–август,"4-е колено: исходящие не выгружены; получил 500 тыс ₸, p_forward=0.26",0.5177
100000002671326100,Выписка исходящих за июль–август,"4-е колено: исходящие не выгружены; получил 1,05 млн ₸, p_forward=0.40",0.5163
100000008293431100,Входящие переводы от клиентов вне выборки / других банков,"отправил на 282 тыс ₸ больше, чем получил в выборке",0.5156
100000007330432100,Выписка исходящих за июль–август,"4-е колено: исходящие не выгружены; получил 585 тыс ₸, p_forward=0.26",0.5149
100000002126791100,Выписка исходящих за июль–август,"4-е колено: исходящие не выгружены; получил 1,31 млн ₸, p_forward=0.40",0.5141
100000002884708100,Выписка исходящих за июль–август,"4-е колено: исходящие не выгружены; получил 1,17 млн ₸, p_forward=0.40",0.5119
100000008175078100,Выписка исходящих за июль–август,"4-е колено: исходящие не выгружены; получил 1,85 млн ₸, p_forward=0.57",0.5115
100000005547096100,Входящие переводы от клиентов вне выборки / других банков,"отправил на 218 тыс ₸ больше, чем получил в выборке",0.5111
100000001053894100,Выписка исходящих за июль–август,"4-е колено: исходящие не выгружены; получил 2,00 млн ₸, p_forward=0.57",0.5108
100000005042822100,Выписка исходящих за июль–август,"4-е колено: исходящие не выгружены; получил 1,00 млн ₸, p_forward=0.26",0.5101
100000000733451100,Входящие переводы от клиентов вне выборки / других банков,"отправил на 230 тыс ₸ больше, чем получил в выборке",0.5096
100000003718715100,Выписка исходящих за июль–август,"4-е колено: исходящие не выгружены; получил 915 тыс ₸, p_forward=0.40",0.5092
100000001131403100,Выписка исходящих за июль–август,"4-е колено: исходящие не выгружены; получил 1,57 млн ₸, p_forward=0.40",0.5087
100000000375150100,Выписка исходящих за июль–август,"4-е колено: исходящие не выгружены; получил 300 тыс ₸, p_forward=0.26",0.508
100000003220685100,Выписка исходящих за июль–август,"4-е колено: исходящие не выгружены; получил 1,31 млн ₸, p_forward=0.40",0.5051
100000003321895100,Входящие переводы от клиентов вне выборки / других банков,"отправил на 530 тыс ₸ больше, чем получил в выборке",0.503
100000001065234100,Выписка исходящих за июль–август,"4-е колено: исходящие не выгружены; получил 360 тыс ₸, p_forward=0.26",0.5002
100000002956769100,Операции за август 2026,"основные поступления 30–31 июля (840 тыс ₸), продолжение не видно",0.4989
100000003989033100,Выписка исходящих за июль–август,"4-е колено: исходящие не выгружены; получил 373 тыс ₸, p_forward=0.57",0.4989
100000001222245100,Выписка исходящих за июль–август,"4-е колено: исходящие не выгружены; получил 420 тыс ₸, p_forward=0.57",0.4967
100000004737764100,Операции за август 2026,"основные поступления 30–31 июля (600 тыс ₸), продолжение не видно",0.4966
100000004586598100,Выписка исходящих за июль–август,"4-е колено: исходящие не выгружены; получил 761 тыс ₸, p_forward=0.40",0.4964
100000007841978100,Выписка исходящих за июль–август,"4-е колено: исходящие не выгружены; получил 449 тыс ₸, p_forward=0.26",0.4958
100000008759857100,Входящие переводы от клиентов вне выборки / других банков,"отправил на 989 тыс ₸ больше, чем получил в выборке",0.4939
100000005616568100,Выписка исходящих за июль–август,"4-е колено: исходящие не выгружены; получил 530 тыс ₸, p_forward=0.26",0.4938
100000002686226100,Выписка исходящих за июль–август,"4-е колено: исходящие не выгружены; получил 430 тыс ₸, p_forward=0.40",0.4937
100000002793881100,Операции за август 2026,"основные поступления 30–31 июля (786 тыс ₸), продолжение не видно",0.4934
100000002594214100,Выписка исходящих за июль–август,"4-е колено: исходящие не выгружены; получил 1,00 млн ₸, p_forward=0.26",0.4931
100000004644615100,Входящие переводы от клиентов вне выборки / других банков,"отправил на 329 тыс ₸ больше, чем получил в выборке",0.4931
100000003001564100,Входящие переводы от клиентов вне выборки / других банков,"отправил на 156 тыс ₸ больше, чем получил в выборке",0.4918
100000001471706100,Выписка исходящих за июль–август,"4-е колено: исходящие не выгружены; получил 377 тыс ₸, p_forward=0.57",0.4895
100000008517061100,Выписка исходящих за июль–август,"4-е колено: исходящие не выгружены; получил 1,84 млн ₸, p_forward=0.40",0.4893
100000002922000100,Выписка исходящих за июль–август,"4-е колено: исходящие не выгружены; получил 448 тыс ₸, p_forward=0.26",0.4891
100000006232815100,Входящие переводы от клиентов вне выборки / других банков,"отправил на 136 тыс ₸ больше, чем получил в выборке",0.4884
100000004035925100,Выписка исходящих за июль–август,"4-е колено: исходящие не выгружены; получил 1,11 млн ₸, p_forward=0.40",0.4883
100000002513028100,Входящие переводы от клиентов вне выборки / других банков,"отправил на 323 тыс ₸ больше, чем получил в выборке",0.4869
100000007472293100,Входящие переводы от клиентов вне выборки / других банков,"отправил на 341 тыс ₸ больше, чем получил в выборке",0.4859
100000001311175100,Выписка исходящих за июль–август,"4-е колено: исходящие не выгружены; получил 300 тыс ₸, p_forward=0.26",0.485
100000008469048100,Выписка исходящих за июль–август,"4-е колено: исходящие не выгружены; получил 265 тыс ₸, p_forward=0.57",0.4834
100000003025903100,Выписка исходящих за июль–август,"4-е колено: исходящие не выгружены; получил 386 тыс ₸, p_forward=0.57",0.4819
100000005958064100,Входящие переводы от клиентов вне выборки / других банков,"отправил на 158 тыс ₸ больше, чем получил в выборке",0.4819
100000003985389100,Выписка исходящих за июль–август,"4-е колено: исходящие не выгружены; получил 423 тыс ₸, p_forward=0.57",0.4815
100000003692843100,Выписка исходящих за июль–август,"4-е колено: исходящие не выгружены; получил 510 тыс ₸, p_forward=0.40",0.4803
100000003470579100,Выписка исходящих за июль–август,"4-е колено: исходящие не выгружены; получил 357 тыс ₸, p_forward=0.40",0.4797
100000008680731100,Входящие переводы от клиентов вне выборки / других банков,"отправил на 1,46 млн ₸ больше, чем получил в выборке",0.479
100000001439416100,Входящие переводы от клиентов вне выборки / других банков,"отправил на 155 тыс ₸ больше, чем получил в выборке",0.478
100000001782980100,Входящие переводы от клиентов вне выборки / других банков,"отправил на 546 тыс ₸ больше, чем получил в выборке",0.4779
100000003037476100,Выписка исходящих за июль–август,"4-е колено: исходящие не выгружены; получил 555 тыс ₸, p_forward=0.62",0.4742
100000000733940100,Выписка исходящих за июль–август,"4-е колено: исходящие не выгружены; получил 752 тыс ₸, p_forward=0.40",0.4732
100000004006327100,Выписка исходящих за июль–август,"4-е колено: исходящие не выгружены; получил 300 тыс ₸, p_forward=0.40",0.4703
100000008760098100,Входящие переводы от клиентов вне выборки / других банков,"отправил на 383 тыс ₸ больше, чем получил в выборке",0.4683
100000008695157100,Выписка исходящих за июль–август,"4-е колено: исходящие не выгружены; получил 426 тыс ₸, p_forward=0.40",0.468
100000007747786100,Входящие переводы от клиентов вне выборки / других банков,"отправил на 4,24 млн ₸ больше, чем получил в выборке",0.4678
100000001831496100,Входящие переводы от клиентов вне выборки / других банков,"отправил на 348 тыс ₸ больше, чем получил в выборке",0.4653
100000006232642100,Выписка исходящих за июль–август,"4-е колено: исходящие не выгружены; получил 456 тыс ₸, p_forward=0.40",0.4619
100000006638021100,Выписка исходящих за июль–август,"4-е колено: исходящие не выгружены; получил 388 тыс ₸, p_forward=0.50",0.4606
100000001904863100,Операции за август 2026,"основные поступления 30–31 июля (500 тыс ₸), продолжение не видно",0.4604
100000005815602100,Входящие переводы от клиентов вне выборки / других банков,"отправил на 145 тыс ₸ больше, чем получил в выборке",0.4587
100000004722630100,Выписка исходящих за июль–август,"4-е колено: исходящие не выгружены; получил 340 тыс ₸, p_forward=0.40",0.4579
100000004610802100,Выписка исходящих за июль–август,"4-е колено: исходящие не выгружены; получил 241 тыс ₸, p_forward=0.57",0.457
100000005498992100,Входящие переводы от клиентов вне выборки / других банков,"отправил на 2,26 млн ₸ больше, чем получил в выборке",0.4567
100000007865484100,Выписка исходящих за июль–август,"4-е колено: исходящие не выгружены; получил 585 тыс ₸, p_forward=0.40",0.4567
100000003843844100,Входящие переводы от клиентов вне выборки / других банков,"отправил на 221 тыс ₸ больше, чем получил в выборке",0.4553
100000001957974100,Выписка исходящих за июль–август,"4-е колено: исходящие не выгружены; получил 500 тыс ₸, p_forward=0.26",0.4539
100000003128638100,Выписка исходящих за июль–август,"4-е колено: исходящие не выгружены; получил 300 тыс ₸, p_forward=0.26",0.4523
100000005034574100,Операции за август 2026,"основные поступления 30–31 июля (259 тыс ₸), продолжение не видно",0.4519
100000008738526100,Входящие переводы от клиентов вне выборки / других банков,"отправил на 125 тыс ₸ больше, чем получил в выборке",0.4483
100000001427082100,Входящие переводы от клиентов вне выборки / других банков,"отправил на 120 тыс ₸ больше, чем получил в выборке",0.4462
100000005264990100,Входящие переводы от клиентов вне выборки / других банков,"отправил на 105 тыс ₸ больше, чем получил в выборке",0.4459
100000005041905100,Входящие переводы от клиентов вне выборки / других банков,"отправил на 1,08 млн ₸ больше, чем получил в выборке",0.4452
100000008775471100,Операции за август 2026,"основные поступления 30–31 июля (580 тыс ₸), продолжение не видно",0.4424
100000008619159100,Выписка исходящих за июль–август,"4-е колено: исходящие не выгружены; получил 446 тыс ₸, p_forward=0.40",0.4423
100000003664994100,Выписка исходящих за июль–август,"4-е колено: исходящие не выгружены; получил 338 тыс ₸, p_forward=0.40",0.4417
100000003192309100,Входящие переводы от клиентов вне выборки / других банков,"отправил на 196 тыс ₸ больше, чем получил в выборке",0.4411
100000008190411100,Выписка исходящих за июль–август,"4-е колено: исходящие не выгружены; получил 198 тыс ₸, p_forward=0.57",0.4402
100000008740295100,Выписка исходящих за июль–август,"4-е колено: исходящие не выгружены; получил 300 тыс ₸, p_forward=0.26",0.4361
100000008551752100,Выписка исходящих за июль–август,"4-е колено: исходящие не выгружены; получил 406 тыс ₸, p_forward=0.40",0.4334
100000008708207100,Операции за август 2026,"основные поступления 30–31 июля (465 тыс ₸), продолжение не видно",0.4326
100000004358004100,Входящие переводы от клиентов вне выборки / других банков,"отправил на 981 тыс ₸ больше, чем получил в выборке",0.4326
100000008555233100,Операции за август 2026,"основные поступления 30–31 июля (441 тыс ₸), продолжение не видно",0.43
100000004500781100,Выписка исходящих за июль–август,"4-е колено: исходящие не выгружены; получил 74 тыс ₸, p_forward=0.57",0.4281
100000007982728100,Входящие переводы от клиентов вне выборки / других банков,"отправил на 1,80 млн ₸ больше, чем получил в выборке",0.4262
100000006901046100,Операции за август 2026,"основные поступления 30–31 июля (76 тыс ₸), продолжение не видно",0.4247
100000004652395100,Выписка исходящих за июль–август,"4-е колено: исходящие не выгружены; получил 102 тыс ₸, p_forward=0.78",0.4246
100000000569479100,Операции за август 2026,"основные поступления 30–31 июля (320 тыс ₸), продолжение не видно",0.4239
100000000795129100,Операции за август 2026,"основные поступления 30–31 июля (332 тыс ₸), продолжение не видно",0.4237
100000004269433100,Входящие переводы от клиентов вне выборки / других банков,"отправил на 1,37 млн ₸ больше, чем получил в выборке",0.4224
100000003034546100,Операции за август 2026,"основные поступления 30–31 июля (487 тыс ₸), продолжение не видно",0.4212
100000007591246100,Входящие переводы от клиентов вне выборки / других банков,"отправил на 108 тыс ₸ больше, чем получил в выборке",0.4188
100000001680944100,Операции за август 2026,"основные поступления 30–31 июля (393 тыс ₸), продолжение не видно",0.4171
100000008675322100,Выписка исходящих за июль–август,"4-е колено: исходящие не выгружены; получил 340 тыс ₸, p_forward=0.40",0.4112
100000006689603100,Выписка исходящих за июль–август,"4-е колено: исходящие не выгружены; получил 400 тыс ₸, p_forward=0.40",0.4093
100000002119762100,Выписка исходящих за июль–август,"4-е колено: исходящие не выгружены; получил 77 тыс ₸, p_forward=0.57",0.4075
100000003321423100,Операции за август 2026,"основные поступления 30–31 июля (100 тыс ₸), продолжение не видно",0.4066
100000003345947100,Выписка исходящих за июль–август,"4-е колено: исходящие не выгружены; получил 80 тыс ₸, p_forward=0.57",0.4037
100000004417753100,Операции за август 2026,"основные поступления 30–31 июля (192 тыс ₸), продолжение не видно",0.3976
100000003447411100,Выписка исходящих за июль–август,"4-е колено: исходящие не выгружены; получил 302 тыс ₸, p_forward=0.40",0.3885
100000001184915100,Операции за август 2026,"основные поступления 30–31 июля (201 тыс ₸), продолжение не видно",0.3871
100000008279405100,Операции за август 2026,"основные поступления 30–31 июля (235 тыс ₸), продолжение не видно",0.3859
100000008751380100,Операции за август 2026,"основные поступления 30–31 июля (346 тыс ₸), продолжение не видно",0.3859
100000001285440100,Операции за август 2026,"основные поступления 30–31 июля (243 тыс ₸), продолжение не видно",0.3797
100000002516862100,Выписка исходящих за июль–август,"4-е колено: исходящие не выгружены; получил 82 тыс ₸, p_forward=0.57",0.3757
100000003031003100,Операции за август 2026,"основные поступления 30–31 июля (280 тыс ₸), продолжение не видно",0.374
100000004993576100,Операции за август 2026,"основные поступления 30–31 июля (167 тыс ₸), продолжение не видно",0.3718
100000002633701100,Операции за август 2026,"основные поступления 30–31 июля (267 тыс ₸), продолжение не видно",0.3709
100000001733687100,Операции за август 2026,"основные поступления 30–31 июля (300 тыс ₸), продолжение не видно",0.3703
100000006756956100,Выписка исходящих за июль–август,"4-е колено: исходящие не выгружены; получил 121 тыс ₸, p_forward=0.57",0.3697
100000004388983100,Входящие переводы от клиентов вне выборки / других банков,"отправил на 451 тыс ₸ больше, чем получил в выборке",0.3696
100000008596924100,Операции за август 2026,"основные поступления 30–31 июля (100 тыс ₸), продолжение не видно",0.3693
100000001009583100,Операции за август 2026,"основные поступления 30–31 июля (394 тыс ₸), продолжение не видно",0.3672
100000000557536100,Выписка исходящих за июль–август,"4-е колено: исходящие не выгружены; получил 153 тыс ₸, p_forward=0.57",0.3623
100000002883402100,Операции за август 2026,"основные поступления 30–31 июля (300 тыс ₸), продолжение не видно",0.3587
100000006490615100,Выписка исходящих за июль–август,"4-е колено: исходящие не выгружены; получил 42 тыс ₸, p_forward=0.57",0.354
100000004813068100,Входящие переводы от клиентов вне выборки / других банков,"отправил на 297 тыс ₸ больше, чем получил в выборке",0.3539
100000005485830100,Входящие переводы от клиентов вне выборки / других банков,"отправил на 276 тыс ₸ больше, чем получил в выборке",0.3513
100000001686328100,Операции за август 2026,"основные поступления 30–31 июля (140 тыс ₸), продолжение не видно",0.3434
100000007018630100,Входящие переводы от клиентов вне выборки / других банков,"отправил на 200 тыс ₸ больше, чем получил в выборке",0.3371
100000005417257100,Входящие переводы от клиентов вне выборки / других банков,"отправил на 106 тыс ₸ больше, чем получил в выборке",0.3315
100000002492277100,Операции за август 2026,"основные поступления 30–31 июля (138 тыс ₸), продолжение не видно",0.3307
100000003230328100,Выписка исходящих за июль–август,"4-е колено: исходящие не выгружены; получил 27 тыс ₸, p_forward=0.62",0.3223
100000004792397100,Операции за август 2026,"основные поступления 30–31 июля (74 тыс ₸), продолжение не видно",0.3197
100000001275752100,Операции за август 2026,"основные поступления 30–31 июля (152 тыс ₸), продолжение не видно",0.3195
100000002969048100,Операции за август 2026,"основные поступления 30–31 июля (108 тыс ₸), продолжение не видно",0.3186
100000008522127100,Входящие переводы от клиентов вне выборки / других банков,"отправил на 145 тыс ₸ больше, чем получил в выборке",0.3163
100000004491749100,Операции за август 2026,"основные поступления 30–31 июля (50 тыс ₸), продолжение не видно",0.3118
100000005931985100,Операции за август 2026,"основные поступления 30–31 июля (76 тыс ₸), продолжение не видно",0.3077
100000002852402100,Операции за август 2026,"основные поступления 30–31 июля (55 тыс ₸), продолжение не видно",0.3076
100000003292191100,Операции за август 2026,"основные поступления 30–31 июля (112 тыс ₸), продолжение не видно",0.3068
100000003073398100,Операции за август 2026,"основные поступления 30–31 июля (93 тыс ₸), продолжение не видно",0.3045
100000004671609100,Операции за август 2026,"основные поступления 30–31 июля (100 тыс ₸), продолжение не видно",0.3023
100000008782421100,Операции за август 2026,"основные поступления 30–31 июля (50 тыс ₸), продолжение не видно",0.291
100000008782800100,Операции за август 2026,"основные поступления 30–31 июля (43 тыс ₸), продолжение не видно",0.2821
100000008776298100,Операции за август 2026,"основные поступления 30–31 июля (43 тыс ₸), продолжение не видно",0.2817
100000008776420100,Операции за август 2026,"основные поступления 30–31 июля (70 тыс ₸), продолжение не видно",0.2775
100000001785161100,Операции за август 2026,"основные поступления 30–31 июля (30 тыс ₸), продолжение не видно",0.2716
100000004959752100,Операции за август 2026,"основные поступления 30–31 июля (22 тыс ₸), продолжение не видно",0.2696
100000001279875100,Операции за август 2026,"основные поступления 30–31 июля (49 тыс ₸), продолжение не видно",0.2687
100000008779584100,Операции за август 2026,"основные поступления 30–31 июля (31 тыс ₸), продолжение не видно",0.2663
100000002628146100,Операции за август 2026,"основные поступления 30–31 июля (30 тыс ₸), продолжение не видно",0.2652
100000005809252100,Операции за август 2026,"основные поступления 30–31 июля (25 тыс ₸), продолжение не видно",0.2641
100000000954884100,Операции за август 2026,"основные поступления 30–31 июля (34 тыс ₸), продолжение не видно",0.2602
100000003711830100,Операции за август 2026,"основные поступления 30–31 июля (50 тыс ₸), продолжение не видно",0.2598
100000001250022100,Операции за август 2026,"основные поступления 30–31 июля (50 тыс ₸), продолжение не видно",0.2598
100000002908521100,Операции за август 2026,"основные поступления 30–31 июля (44 тыс ₸), продолжение не видно",0.25
100000002459164100,Операции за август 2026,"основные поступления 30–31 июля (20 тыс ₸), продолжение не видно",0.2462
100000007347733100,Операции за август 2026,"основные поступления 30–31 июля (23 тыс ₸), продолжение не видно",0.2427
100000002369510100,Операции за август 2026,"основные поступления 30–31 июля (37 тыс ₸), продолжение не видно",0.2411
100000008547295100,Операции за август 2026,"основные поступления 30–31 июля (15 тыс ₸), продолжение не видно",0.2376
100000001557930100,Операции за август 2026,"основные поступления 30–31 июля (35 тыс ₸), продолжение не видно",0.2374
100000008503177100,Операции за август 2026,"основные поступления 30–31 июля (34 тыс ₸), продолжение не видно",0.2363
100000002820010100,Операции за август 2026,"основные поступления 30–31 июля (30 тыс ₸), продолжение не видно",0.2292
100000001164648100,Операции за август 2026,"основные поступления 30–31 июля (14 тыс ₸), продолжение не видно",0.2156
100000005186109100,Операции за август 2026,"основные поступления 30–31 июля (5 тыс ₸), продолжение не видно",0.2153
100000001420847100,Операции за август 2026,"основные поступления 30–31 июля (20 тыс ₸), продолжение не видно",0.2131
100000008782056100,Операции за август 2026,"основные поступления 30–31 июля (29 тыс ₸), продолжение не видно",0.2059
100000003962994100,Операции за август 2026,"основные поступления 30–31 июля (10 тыс ₸), продолжение не видно",0.2046
100000005395727100,Операции за август 2026,"основные поступления 30–31 июля (17 тыс ₸), продолжение не видно",0.1835
100000008129393100,Операции за август 2026,"основные поступления 30–31 июля (10 тыс ₸), продолжение не видно",0.1824
100000008777088100,Операции за август 2026,"основные поступления 30–31 июля (18 тыс ₸), продолжение не видно",0.1812
100000001860090100,Операции за август 2026,"основные поступления 30–31 июля (5 тыс ₸), продолжение не видно",0.1737
100000001262647100,Операции за август 2026,"основные поступления 30–31 июля (24 тыс ₸), продолжение не видно",0.1717
100000008776576100,Операции за август 2026,"основные поступления 30–31 июля (15 тыс ₸), продолжение не видно",0.17
100000004435304100,Операции за август 2026,"основные поступления 30–31 июля (26 тыс ₸), продолжение не видно",0.1682
100000008776720100,Операции за август 2026,"основные поступления 30–31 июля (26 тыс ₸), продолжение не видно",0.1675
100000004388209100,Операции за август 2026,"основные поступления 30–31 июля (12 тыс ₸), продолжение не видно",0.1637
100000008776310100,Операции за август 2026,"основные поступления 30–31 июля (19 тыс ₸), продолжение не видно",0.1497
100000001138376100,Операции за август 2026,"основные поступления 30–31 июля (15 тыс ₸), продолжение не видно",0.1398
100000003927792100,Операции за август 2026,"основные поступления 30–31 июля (13 тыс ₸), продолжение не видно",0.1336
100000002742067100,Операции за август 2026,"основные поступления 30–31 июля (13 тыс ₸), продолжение не видно",0.1327
100000008754608100,Операции за август 2026,"основные поступления 30–31 июля (12 тыс ₸), продолжение не видно",0.1318
100000008463968100,Операции за август 2026,"основные поступления 30–31 июля (10 тыс ₸), продолжение не видно",0.1253
100000005030592100,Операции за август 2026,"основные поступления 30–31 июля (10 тыс ₸), продолжение не видно",0.1253
100000007382152100,Операции за август 2026,"основные поступления 30–31 июля (6 тыс ₸), продолжение не видно",0.1155
100000005560900100,Наличные/межбанковские операции и переводы < 5 000 ₸,seed без внутрибанковских переводов ≥5 000 ₸ за июль,0.0986
100000005550592100,Наличные/межбанковские операции и переводы < 5 000 ₸,seed без внутрибанковских переводов ≥5 000 ₸ за июль,0.0986
100000005235389100,Наличные/межбанковские операции и переводы < 5 000 ₸,seed без внутрибанковских переводов ≥5 000 ₸ за июль,0.0986
100000005480435100,Наличные/межбанковские операции и переводы < 5 000 ₸,seed без внутрибанковских переводов ≥5 000 ₸ за июль,0.0986
100000005017150100,Наличные/межбанковские операции и переводы < 5 000 ₸,seed без внутрибанковских переводов ≥5 000 ₸ за июль,0.0986
100000000456947100,Наличные/межбанковские операции и переводы < 5 000 ₸,seed без внутрибанковских переводов ≥5 000 ₸ за июль,0.0986
100000003265658100,Наличные/межбанковские операции и переводы < 5 000 ₸,seed без внутрибанковских переводов ≥5 000 ₸ за июль,0.0986
100000003349739100,Наличные/межбанковские операции и переводы < 5 000 ₸,seed без внутрибанковских переводов ≥5 000 ₸ за июль,0.0986
100000003770083100,Наличные/межбанковские операции и переводы < 5 000 ₸,seed без внутрибанковских переводов ≥5 000 ₸ за июль,0.0986
100000004021459100,Наличные/межбанковские операции и переводы < 5 000 ₸,seed без внутрибанковских переводов ≥5 000 ₸ за июль,0.0986
100000004174835100,Наличные/межбанковские операции и переводы < 5 000 ₸,seed без внутрибанковских переводов ≥5 000 ₸ за июль,0.0986
100000005568407100,Наличные/межбанковские операции и переводы < 5 000 ₸,seed без внутрибанковских переводов ≥5 000 ₸ за июль,0.0986
100000005495722100,Наличные/межбанковские операции и переводы < 5 000 ₸,seed без внутрибанковских переводов ≥5 000 ₸ за июль,0.0986
100000005087431100,Наличные/межбанковские операции и переводы < 5 000 ₸,seed без внутрибанковских переводов ≥5 000 ₸ за июль,0.0986
100000008117324100,Наличные/межбанковские операции и переводы < 5 000 ₸,seed без внутрибанковских переводов ≥5 000 ₸ за июль,0.0986
100000008205000100,Наличные/межбанковские операции и переводы < 5 000 ₸,seed без внутрибанковских переводов ≥5 000 ₸ за июль,0.0986
100000008513251100,Наличные/межбанковские операции и переводы < 5 000 ₸,seed без внутрибанковских переводов ≥5 000 ₸ за июль,0.0986
100000008669037100,Наличные/межбанковские операции и переводы < 5 000 ₸,seed без внутрибанковских переводов ≥5 000 ₸ за июль,0.0986
100000008701222100,Наличные/межбанковские операции и переводы < 5 000 ₸,seed без внутрибанковских переводов ≥5 000 ₸ за июль,0.0986
