a,b,c,n_dates,first,last,sum_in,sum_out
100000005287097100,100000003016635100,100000006518161100,11,2026-07-04,2026-07-22,269400.0,484700.0
100000003016635100,100000006518161100,100000005660203100,8,2026-07-06,2026-07-22,521200.0,212899.0
100000005287097100,100000003016635100,100000000667713100,8,2026-07-04,2026-07-20,242900.0,91745.0
100000005287097100,100000003016635100,100000004330371100,8,2026-07-06,2026-07-21,218400.0,68471.0
100000005287097100,100000003016635100,100000004186824100,7,2026-07-07,2026-07-20,118200.0,437350.0
100000005287097100,100000003016635100,100000000440392100,7,2026-07-04,2026-07-19,287700.0,105705.0
100000008314203100,100000008637537100,100000001732159100,6,2026-07-01,2026-07-17,202000.0,1856000.0
100000005287097100,100000003016635100,100000004790991100,6,2026-07-04,2026-07-15,277500.0,239413.0
100000000437046100,100000007055802100,100000004299488100,6,2026-07-12,2026-07-19,975000.0,238000.0
100000005287097100,100000003016635100,100000001567366100,5,2026-07-08,2026-07-21,90500.0,824070.0
100000005287097100,100000003016635100,100000000706545100,5,2026-07-08,2026-07-18,81600.0,721300.0
100000005287097100,100000003016635100,100000004394765100,5,2026-07-11,2026-07-23,89000.0,451888.0
100000005287097100,100000003016635100,100000004948177100,5,2026-07-04,2026-07-10,271500.0,341163.0
100000005287097100,100000003016635100,100000004559194100,5,2026-07-07,2026-07-14,104500.0,282145.0
100000008637537100,100000001732159100,100000008314203100,5,2026-07-05,2026-07-14,1017100.0,194076.0
100000005287097100,100000003016635100,100000004588479100,5,2026-07-05,2026-07-13,157200.0,177633.0
100000005287097100,100000003016635100,100000004664905100,5,2026-07-11,2026-07-21,42900.0,164590.0
100000005287097100,100000003016635100,100000007281639100,5,2026-07-04,2026-07-23,256000.0,147000.0
100000005287097100,100000003016635100,100000004188160100,5,2026-07-07,2026-07-22,113400.0,56016.0
100000005287097100,100000003016635100,100000008188026100,5,2026-07-06,2026-07-13,191500.0,40034.0
100000005287097100,100000003016635100,100000002580377100,5,2026-07-12,2026-07-20,33700.0,37750.0
100000003835149100,100000002224132100,100000000594783100,4,2026-07-08,2026-07-27,1585250.0,1620000.0
100000004351795100,100000000437046100,100000008686313100,4,2026-07-18,2026-07-25,285000.0,880708.0
100000005287097100,100000003016635100,100000002173161100,4,2026-07-18,2026-07-21,34200.0,869500.0
100000004723755100,100000008748914100,100000003684369100,4,2026-07-25,2026-07-28,95000.0,666700.0
100000004351795100,100000008512552100,100000003242289100,4,2026-07-14,2026-07-19,246100.0,307168.0
100000005910114100,100000006866783100,100000008686313100,4,2026-07-08,2026-07-15,151127.0,225181.0
100000006866783100,100000008686313100,100000002826669100,4,2026-07-09,2026-07-16,225181.0,159900.0
100000007055802100,100000004299488100,100000004674799100,4,2026-07-13,2026-07-17,170000.0,120000.0
100000004160650100,100000002731501100,100000003031890100,4,2026-07-12,2026-07-29,200370.0,90000.0
100000008304139100,100000006866783100,100000008686313100,4,2026-07-08,2026-07-15,114000.0,85001.0
100000005287097100,100000003016635100,100000004408683100,4,2026-07-07,2026-07-14,96500.0,81148.0
100000001732159100,100000008314203100,100000008637537100,4,2026-07-07,2026-07-16,194076.0,79000.0
100000008193577100,100000008736940100,100000008659445100,4,2026-07-22,2026-07-26,125990.0,77300.0
100000008304139100,100000003684369100,100000001072022100,3,2026-07-23,2026-07-25,291000.0,740000.0
100000008748914100,100000003684369100,100000001072022100,3,2026-07-23,2026-07-25,986700.0,740000.0
100000004723755100,100000008748914100,100000000913911100,3,2026-07-25,2026-07-27,80000.0,426000.0
100000004723755100,100000008748914100,100000004398811100,3,2026-07-25,2026-07-27,80000.0,426000.0
100000008304139100,100000008603629100,100000001857829100,3,2026-07-23,2026-07-30,134000.0,408000.0
100000004351795100,100000000437046100,100000003834495100,3,2026-07-18,2026-07-31,144500.0,327441.0
100000008304139100,100000003684369100,100000006889963100,3,2026-07-19,2026-07-21,163000.0,311000.0
100000005287097100,100000003016635100,100000003042994100,3,2026-07-08,2026-07-23,125300.0,239200.0
100000008304139100,100000003684369100,100000007908818100,3,2026-07-19,2026-07-21,163000.0,235100.0
100000007639767100,100000008603629100,100000008279405100,3,2026-07-18,2026-07-30,98250.0,234738.0
100000008304139100,100000003684369100,100000002480800100,3,2026-07-19,2026-07-21,163000.0,230000.0
100000006866783100,100000007055802100,100000004299488100,3,2026-07-13,2026-07-19,200000.0,228000.0
100000004351795100,100000008512552100,100000003178549100,3,2026-07-14,2026-07-16,198600.0,210000.0
100000005910114100,100000006866783100,100000007055802100,3,2026-07-11,2026-07-16,126442.0,160000.0
100000008304139100,100000006866783100,100000007055802100,3,2026-07-12,2026-07-16,94000.0,160000.0
100000006866783100,100000004299488100,100000007055802100,3,2026-07-09,2026-07-13,337000.0,126000.0
100000008304139100,100000003684369100,100000003946524100,3,2026-07-23,2026-07-25,291000.0,113757.0
100000008748914100,100000003684369100,100000003946524100,3,2026-07-23,2026-07-25,986700.0,113757.0
100000005287097100,100000003016635100,100000004707703100,3,2026-07-05,2026-07-07,143200.0,112300.0
100000005910114100,100000006866783100,100000000555721100,3,2026-07-04,2026-07-16,127379.0,95000.0
100000008304139100,100000006866783100,100000000555721100,3,2026-07-04,2026-07-16,89000.0,95000.0
100000004269433100,100000008418835100,100000008730021100,3,2026-07-18,2026-07-23,198000.0,75555.0
100000004847758100,100000003684369100,100000008671929100,3,2026-07-17,2026-07-21,56000.0,75000.0
100000008304139100,100000003684369100,100000008671929100,3,2026-07-19,2026-07-21,163000.0,75000.0
100000008304139100,100000003684369100,100000005079754100,3,2026-07-23,2026-07-25,291000.0,70000.0
100000008748914100,100000003684369100,100000005079754100,3,2026-07-23,2026-07-25,986700.0,70000.0
100000004160650100,100000004007116100,100000004144536100,3,2026-07-14,2026-07-23,139900.0,63000.0
100000005287097100,100000003016635100,100000001805543100,3,2026-07-04,2026-07-06,187000.0,59000.0
100000008304139100,100000003684369100,100000003739818100,3,2026-07-19,2026-07-21,163000.0,57293.0
100000000437046100,100000008686313100,100000008603629100,3,2026-07-24,2026-07-28,497875.0,55500.0
100000004269433100,100000008418835100,100000008701944100,3,2026-07-10,2026-07-12,332000.0,52124.0
100000008304139100,100000003684369100,100000006446271100,3,2026-07-23,2026-07-25,291000.0,50000.0
100000008748914100,100000003684369100,100000006446271100,3,2026-07-23,2026-07-25,986700.0,50000.0
100000005287097100,100000003016635100,100000002600345100,3,2026-07-06,2026-07-08,177500.0,47400.0
100000005910114100,100000006866783100,100000008560717100,3,2026-07-04,2026-07-16,127379.0,45000.0
100000008304139100,100000006866783100,100000008560717100,3,2026-07-04,2026-07-16,89000.0,45000.0
100000008304139100,100000003684369100,100000001924185100,3,2026-07-19,2026-07-21,163000.0,36000.0
100000008213966100,100000000838385100,100000000470237100,3,2026-07-28,2026-07-30,194600.0,32500.0
100000004269433100,100000008418835100,100000000343175100,3,2026-07-14,2026-07-16,242000.0,31500.0
100000005287097100,100000003016635100,100000002704875100,3,2026-07-19,2026-07-21,28900.0,30550.0
100000005287097100,100000003016635100,100000006069103100,3,2026-07-05,2026-07-07,143200.0,29118.0
100000005287097100,100000003016635100,100000007641183100,3,2026-07-04,2026-07-06,187000.0,28000.0
100000008304139100,100000006866783100,100000000961900100,3,2026-07-08,2026-07-14,70000.0,27000.0
100000005287097100,100000003016635100,100000005634552100,3,2026-07-19,2026-07-21,28900.0,25850.0
100000008304139100,100000003684369100,100000007129492100,3,2026-07-19,2026-07-21,163000.0,25000.0
100000008258083100,100000000673868100,100000003173783100,3,2026-07-07,2026-07-14,921300.0,23500.0
100000003988112100,100000004403675100,100000005668605100,3,2026-07-18,2026-07-20,42000.0,21000.0
100000008489922100,100000008517538100,100000008710913100,3,2026-07-14,2026-07-16,70500.0,14000.0
100000005287097100,100000003016635100,100000003163256100,3,2026-07-05,2026-07-07,143200.0,13485.0
100000005287097100,100000003016635100,100000005505655100,3,2026-07-06,2026-07-08,177500.0,13070.0
100000005287097100,100000003016635100,100000008003034100,3,2026-07-06,2026-07-08,177500.0,12201.0
100000005287097100,100000003016635100,100000008724279100,3,2026-07-18,2026-07-20,21700.0,11750.0
100000005287097100,100000003016635100,100000003134937100,3,2026-07-19,2026-07-21,28900.0,10286.0
100000005287097100,100000003016635100,100000002938501100,3,2026-07-06,2026-07-08,177500.0,8395.0
100000004723755100,100000008748914100,100000004592467100,3,2026-07-25,2026-07-27,80000.0,7000.0
100000005287097100,100000003016635100,100000001049200100,3,2026-07-04,2026-07-06,187000.0,6014.0
100000005339662100,100000004820260100,100000005996909100,3,2026-07-27,2026-07-29,73800.0,5500.0
100000003835149100,100000001965374100,100000004399686100,2,2026-07-08,2026-07-09,132040.0,806000.0
100000003888271100,100000000580561100,100000007939160100,2,2026-07-20,2026-07-24,18680.0,795000.0
100000004077081100,100000003684369100,100000001072022100,2,2026-07-23,2026-07-25,110000.0,740000.0
100000004358004100,100000003684369100,100000001072022100,2,2026-07-24,2026-07-25,133000.0,740000.0
100000008571433100,100000004135268100,100000004979498100,2,2026-07-10,2026-07-11,1064000.0,700000.0
100000003528285100,100000003684369100,100000001527186100,2,2026-07-22,2026-07-24,123000.0,678000.0
100000003880331100,100000003684369100,100000001527186100,2,2026-07-22,2026-07-24,282000.0,678000.0
100000004077081100,100000003684369100,100000001527186100,2,2026-07-23,2026-07-24,110000.0,678000.0
100000004358004100,100000003684369100,100000001527186100,2,2026-07-22,2026-07-24,148000.0,678000.0
100000008304139100,100000003684369100,100000001527186100,2,2026-07-23,2026-07-24,189000.0,678000.0
100000008748914100,100000003684369100,100000001527186100,2,2026-07-23,2026-07-24,916000.0,678000.0
100000003004487100,100000002175422100,100000003557488100,2,2026-07-16,2026-07-20,40000.0,654992.0
100000008632060100,100000000437046100,100000008686313100,2,2026-07-21,2026-07-24,67500.0,574636.0
100000003796063100,100000000331309100,100000001330685100,2,2026-07-12,2026-07-14,233200.0,564970.0
100000004351795100,100000000437046100,100000008730371100,2,2026-07-18,2026-07-20,113000.0,500000.0
100000004390333100,100000000437046100,100000008730371100,2,2026-07-16,2026-07-20,100000.0,500000.0
100000008748914100,100000003684369100,100000002565277100,2,2026-07-25,2026-07-27,552700.0,483319.0
100000003796063100,100000000331309100,100000007055802100,2,2026-07-12,2026-07-14,233200.0,450000.0
100000003684369100,100000006889963100,100000006755850100,2,2026-07-20,2026-07-22,311000.0,443475.80000000005
100000004400305100,100000007055802100,100000004299488100,2,2026-07-08,2026-07-19,115000.0,425000.0
100000004358004100,100000003684369100,100000002188829100,2,2026-07-24,2026-07-26,133000.0,400000.0
100000008304139100,100000003684369100,100000002188829100,2,2026-07-24,2026-07-26,195000.0,400000.0
100000008748914100,100000003684369100,100000002188829100,2,2026-07-24,2026-07-26,574700.0,400000.0
100000003880331100,100000008603629100,100000001857829100,2,2026-07-21,2026-07-23,298000.0,399000.0
100000003528285100,100000003684369100,100000003131693100,2,2026-07-22,2026-07-24,123000.0,353277.0
100000003880331100,100000003684369100,100000003131693100,2,2026-07-22,2026-07-24,282000.0,353277.0
100000004077081100,100000003684369100,100000003131693100,2,2026-07-23,2026-07-24,110000.0,353277.0
100000004358004100,100000003684369100,100000003131693100,2,2026-07-22,2026-07-24,148000.0,353277.0
100000008304139100,100000003684369100,100000003131693100,2,2026-07-23,2026-07-24,189000.0,353277.0
100000008748914100,100000003684369100,100000003131693100,2,2026-07-23,2026-07-24,916000.0,353277.0
100000004070318100,100000006866783100,100000004299488100,2,2026-07-09,2026-07-12,65000.0,337000.0
100000005910114100,100000006866783100,100000004299488100,2,2026-07-08,2026-07-12,75365.0,337000.0
100000000331309100,100000008324800100,100000007390016100,2,2026-07-03,2026-07-07,110000.0,336000.0
100000005287097100,100000004156082100,100000000795129100,2,2026-07-30,2026-07-31,50500.0,332000.0
100000003977183100,100000003923946100,100000002836736100,2,2026-07-14,2026-07-16,120000.0,316000.0
100000004847758100,100000003684369100,100000006889963100,2,2026-07-19,2026-07-21,41000.0,311000.0
100000003528285100,100000003684369100,100000002988894100,2,2026-07-22,2026-07-23,123000.0,306121.0
100000003880331100,100000003684369100,100000002988894100,2,2026-07-22,2026-07-23,282000.0,306121.0
100000008304139100,100000003684369100,100000002988894100,2,2026-07-21,2026-07-23,196000.0,306121.0
100000008748914100,100000003684369100,100000004226848100,2,2026-07-27,2026-07-28,596000.0,301866.0
100000000343175100,100000003115284100,100000003360542100,2,2026-07-18,2026-07-19,622000.0,300000.0
100000004351795100,100000000437046100,100000003115284100,2,2026-07-18,2026-07-19,113000.0,300000.0
100000008293431100,100000000437046100,100000003834495100,2,2026-07-16,2026-07-30,215000.0,275000.0
100000007018630100,100000002371751100,100000000769919100,2,2026-07-11,2026-07-13,170000.0,250000.0
100000008304139100,100000003684369100,100000005432267100,2,2026-07-20,2026-07-22,142000.0,250000.0
100000008547844100,100000008547948100,100000002718366100,2,2026-07-16,2026-07-18,61000.0,240000.0
100000001660397100,100000006866783100,100000004299488100,2,2026-07-08,2026-07-12,24000.0,237000.0
100000008304139100,100000006866783100,100000004299488100,2,2026-07-08,2026-07-12,55000.0,237000.0
100000004847758100,100000003684369100,100000007908818100,2,2026-07-19,2026-07-21,41000.0,235100.0
100000001697501100,100000002733905100,100000005342513100,2,2026-07-08,2026-07-10,30000.0,235000.0
100000004358004100,100000008165763100,100000006564102100,2,2026-07-21,2026-07-23,120000.0,233235.0
100000004847758100,100000003684369100,100000002480800100,2,2026-07-19,2026-07-21,41000.0,230000.0
100000008169544100,100000003016635100,100000006518161100,2,2026-07-11,2026-07-22,17300.0,216400.0
100000005910114100,100000007629096100,100000002741024100,2,2026-07-02,2026-07-14,97170.0,215170.0
100000008636603100,100000003016635100,100000004948177100,2,2026-07-04,2026-07-07,43200.0,205525.0
100000004351795100,100000000437046100,100000004184158100,2,2026-07-22,2026-07-24,172000.0,203805.0
100000001049200100,100000004156082100,100000001184915100,2,2026-07-28,2026-07-30,21000.0,201000.0
100000000343175100,100000003115284100,100000003390036100,2,2026-07-18,2026-07-19,622000.0,200000.0
100000003977183100,100000003923946100,100000001411870100,2,2026-07-14,2026-07-16,120000.0,200000.0
100000004358004100,100000003684369100,100000003299365100,2,2026-07-24,2026-07-26,133000.0,200000.0
100000004390333100,100000000437046100,100000003795588100,2,2026-07-16,2026-07-18,100000.0,200000.0
100000004390333100,100000000437046100,100000003834495100,2,2026-07-16,2026-07-18,100000.0,200000.0
100000008304139100,100000003684369100,100000003299365100,2,2026-07-24,2026-07-26,195000.0,200000.0
100000008748914100,100000003684369100,100000003299365100,2,2026-07-24,2026-07-26,574700.0,200000.0
100000003796063100,100000008477350100,100000008086440100,2,2026-07-13,2026-07-14,96000.0,199733.0
100000008736940100,100000008659445100,100000008751429100,2,2026-07-22,2026-07-27,77300.0,196700.0
100000003528285100,100000003684369100,100000005074393100,2,2026-07-22,2026-07-24,123000.0,193893.0
100000003880331100,100000003684369100,100000005074393100,2,2026-07-22,2026-07-24,282000.0,193893.0
100000004077081100,100000003684369100,100000005074393100,2,2026-07-23,2026-07-24,110000.0,193893.0
100000004358004100,100000003684369100,100000005074393100,2,2026-07-22,2026-07-24,148000.0,193893.0
100000008304139100,100000003684369100,100000005074393100,2,2026-07-23,2026-07-24,189000.0,193893.0
100000008748914100,100000003684369100,100000005074393100,2,2026-07-23,2026-07-24,916000.0,193893.0
100000004847758100,100000003684369100,100000003115284100,2,2026-07-17,2026-07-19,36000.0,193000.0
100000005268319100,100000002957787100,100000002736316100,2,2026-07-02,2026-07-04,24000.0,189690.0
100000005910114100,100000002957787100,100000002736316100,2,2026-07-03,2026-07-04,45856.0,189690.0
100000003528285100,100000003684369100,100000002957306100,2,2026-07-22,2026-07-24,123000.0,188990.0
100000003880331100,100000003684369100,100000002957306100,2,2026-07-22,2026-07-24,282000.0,188990.0
100000004077081100,100000003684369100,100000002957306100,2,2026-07-23,2026-07-24,110000.0,188990.0
100000004358004100,100000003684369100,100000002957306100,2,2026-07-22,2026-07-24,148000.0,188990.0
100000008304139100,100000003684369100,100000002957306100,2,2026-07-23,2026-07-24,189000.0,188990.0
100000008748914100,100000003684369100,100000002957306100,2,2026-07-23,2026-07-24,916000.0,188990.0
100000008304139100,100000008603629100,100000002936322100,2,2026-07-29,2026-07-31,87000.0,187167.0
100000008710791100,100000008561016100,100000001724740100,2,2026-07-25,2026-07-26,180000.0,185000.0
100000008636603100,100000003016635100,100000004790991100,2,2026-07-04,2026-07-06,43200.0,180068.0
100000000331309100,100000007055802100,100000004299488100,2,2026-07-12,2026-07-15,450000.0,174000.0
100000003718221100,100000003701161100,100000002267998100,2,2026-07-19,2026-07-23,85000.0,170000.0
100000005287097100,100000004156082100,100000004993576100,2,2026-07-30,2026-07-31,50500.0,167000.0
100000003528285100,100000003684369100,100000002621949100,2,2026-07-22,2026-07-24,123000.0,164612.0
100000003880331100,100000003684369100,100000002621949100,2,2026-07-22,2026-07-24,282000.0,164612.0
100000004077081100,100000003684369100,100000002621949100,2,2026-07-23,2026-07-24,110000.0,164612.0
100000004358004100,100000003684369100,100000002621949100,2,2026-07-22,2026-07-24,148000.0,164612.0
100000008304139100,100000003684369100,100000002621949100,2,2026-07-23,2026-07-24,189000.0,164612.0
100000008748914100,100000003684369100,100000002621949100,2,2026-07-23,2026-07-24,916000.0,164612.0
100000008169544100,100000003016635100,100000004664905100,2,2026-07-11,2026-07-21,17300.0,164590.0
100000008304139100,100000003684369100,100000007181706100,2,2026-07-20,2026-07-22,142000.0,163772.0
100000005910114100,100000008603629100,100000004679953100,2,2026-07-10,2026-07-12,77718.0,163767.0
100000004070318100,100000006866783100,100000008686313100,2,2026-07-09,2026-07-12,65000.0,162475.0
100000003616818100,100000004160650100,100000002731501100,2,2026-07-23,2026-07-27,35100.0,161570.0
100000003796063100,100000006866783100,100000007055802100,2,2026-07-12,2026-07-16,67500.0,160000.0
100000008304139100,100000003684369100,100000000041368100,2,2026-07-20,2026-07-22,142000.0,160000.0
100000008686313100,100000006866783100,100000007055802100,2,2026-07-11,2026-07-16,48100.0,160000.0
100000002963189100,100000005933757100,100000002633108100,2,2026-07-08,2026-07-16,1150000.0,158000.0
100000003796063100,100000008477350100,100000005610717100,2,2026-07-13,2026-07-14,96000.0,156400.0
100000000274067100,100000002958343100,100000002872399100,2,2026-07-01,2026-07-07,400000.0,150000.0
100000007982728100,100000008748408100,100000000861294100,2,2026-07-26,2026-07-28,360000.0,150000.0
100000004070318100,100000006866783100,100000002603769100,2,2026-07-09,2026-07-11,65000.0,149968.0
100000002731501100,100000004160650100,100000004007116100,2,2026-07-28,2026-07-30,40000.0,147544.0
100000008304139100,100000003684369100,100000004480280100,2,2026-07-20,2026-07-22,142000.0,146694.0
100000005910114100,100000008603629100,100000001373265100,2,2026-07-18,2026-07-20,98838.0,142482.0
100000004847758100,100000008603629100,100000008739887100,2,2026-07-19,2026-07-22,42000.0,141000.0
100000005910114100,100000008603629100,100000008739887100,2,2026-07-19,2026-07-22,83070.0,141000.0
100000008304139100,100000008603629100,100000008279405100,2,2026-07-29,2026-07-30,87000.0,140371.0
100000004351795100,100000000437046100,100000003204491100,2,2026-07-18,2026-07-20,113000.0,140000.0
100000004847758100,100000003684369100,100000008555918100,2,2026-07-17,2026-07-19,36000.0,139211.0
100000003528285100,100000003684369100,100000003205210100,2,2026-07-22,2026-07-24,123000.0,137563.0
100000003880331100,100000003684369100,100000003205210100,2,2026-07-22,2026-07-24,282000.0,137563.0
100000004077081100,100000003684369100,100000003205210100,2,2026-07-23,2026-07-24,110000.0,137563.0
100000004358004100,100000003684369100,100000003205210100,2,2026-07-22,2026-07-24,148000.0,137563.0
100000008304139100,100000003684369100,100000003205210100,2,2026-07-23,2026-07-24,189000.0,137563.0
100000008748914100,100000003684369100,100000003205210100,2,2026-07-23,2026-07-24,916000.0,137563.0
100000005287097100,100000003016635100,100000008169544100,2,2026-07-18,2026-07-19,16200.0,137104.0
100000005910114100,100000006866783100,100000005584222100,2,2026-07-14,2026-07-16,75762.0,136217.0
100000008304139100,100000006866783100,100000005584222100,2,2026-07-14,2026-07-16,59000.0,136217.0
100000008304139100,100000003684369100,100000002864256100,2,2026-07-20,2026-07-22,142000.0,135780.0
100000005910114100,100000008603629100,100000007442518100,2,2026-07-18,2026-07-19,98838.0,134000.0
100000005910114100,100000003684369100,100000000941942100,2,2026-07-16,2026-07-17,52603.0,130000.0
100000000331309100,100000004299488100,100000007055802100,2,2026-07-11,2026-07-13,360000.0,126000.0
100000005910114100,100000003684369100,100000003366154100,2,2026-07-16,2026-07-18,52603.0,125000.0
100000008748914100,100000003684369100,100000003022835100,2,2026-07-25,2026-07-27,552700.0,125000.0
100000002267998100,100000003701161100,100000003718221100,2,2026-07-06,2026-07-20,100000.0,120000.0
100000003616818100,100000004160650100,100000004007116100,2,2026-07-23,2026-07-27,35100.0,116650.0
100000004847758100,100000003684369100,100000008556318100,2,2026-07-17,2026-07-19,36000.0,116632.0
100000004351795100,100000000437046100,100000007055802100,2,2026-07-18,2026-07-19,113000.0,115000.0
100000004390333100,100000000437046100,100000007055802100,2,2026-07-16,2026-07-19,100000.0,115000.0
100000004077081100,100000003684369100,100000003946524100,2,2026-07-23,2026-07-25,110000.0,113757.0
100000004358004100,100000003684369100,100000003946524100,2,2026-07-24,2026-07-25,133000.0,113757.0
100000007593823100,100000008730846100,100000005475379100,2,2026-07-20,2026-07-22,20000.0,108370.0
100000004847758100,100000003684369100,100000008566737100,2,2026-07-19,2026-07-20,41000.0,104000.0
100000008304139100,100000003684369100,100000008566737100,2,2026-07-19,2026-07-20,63000.0,104000.0
100000007639767100,100000008603629100,100000000661912100,2,2026-07-18,2026-07-28,73000.0,101224.0
100000002224132100,100000004603109100,100000004892144100,2,2026-07-06,2026-07-08,1080000.0,100000.0
100000003796063100,100000000331309100,100000004889043100,2,2026-07-12,2026-07-14,233200.0,100000.0
100000004209339100,100000003635170100,100000003321423100,2,2026-07-15,2026-07-30,75000.0,100000.0
100000004358004100,100000003684369100,100000000998559100,2,2026-07-24,2026-07-26,133000.0,100000.0
100000005268319100,100000002957787100,100000006100920100,2,2026-07-02,2026-07-04,24000.0,100000.0
100000005910114100,100000002957787100,100000006100920100,2,2026-07-03,2026-07-04,45856.0,100000.0
100000008304139100,100000003684369100,100000000810551100,2,2026-07-20,2026-07-22,142000.0,100000.0
100000008304139100,100000003684369100,100000000998559100,2,2026-07-24,2026-07-26,195000.0,100000.0
100000008748914100,100000003684369100,100000000998559100,2,2026-07-24,2026-07-26,574700.0,100000.0
100000005048668100,100000008603629100,100000005830339100,2,2026-07-16,2026-07-27,65000.0,97838.0
100000007982728100,100000008748408100,100000001848426100,2,2026-07-26,2026-07-28,360000.0,95530.0
100000008489922100,100000008517538100,100000001884825100,2,2026-07-15,2026-07-17,55500.0,95000.0
100000005578559100,100000005704413100,100000001276409100,2,2026-07-12,2026-07-14,36834.67,94760.0
100000005287097100,100000003016635100,100000004360785100,2,2026-07-11,2026-07-13,14000.0,94705.0
100000005910114100,100000008603629100,100000008279405100,2,2026-07-18,2026-07-20,98838.0,94367.0
100000005910114100,100000006866783100,100000001609499100,2,2026-07-06,2026-07-08,63653.0,93937.0
100000007639767100,100000008603629100,100000003134934100,2,2026-07-28,2026-07-30,78250.0,93569.0
100000008304139100,100000008603629100,100000003134934100,2,2026-07-29,2026-07-30,87000.0,93569.0
100000007982728100,100000008748408100,100000002692750100,2,2026-07-26,2026-07-28,360000.0,92830.0
100000004358004100,100000003684369100,100000008747113100,2,2026-07-24,2026-07-26,133000.0,92591.0
100000008304139100,100000003684369100,100000008747113100,2,2026-07-24,2026-07-26,195000.0,92591.0
100000008748914100,100000003684369100,100000008747113100,2,2026-07-24,2026-07-26,574700.0,92591.0
100000005910114100,100000006866783100,100000000945428100,2,2026-07-14,2026-07-15,75762.0,89629.0
100000008304139100,100000006866783100,100000000945428100,2,2026-07-14,2026-07-15,59000.0,89629.0
100000008603629100,100000000661912100,100000003131016100,2,2026-07-20,2026-07-29,101224.0,87000.0
100000008686313100,100000008603629100,100000003366471100,2,2026-07-25,2026-07-28,55500.0,86515.0
100000008636603100,100000003016635100,100000006518161100,2,2026-07-04,2026-07-07,43200.0,83700.0
100000004351795100,100000000437046100,100000002681449100,2,2026-07-18,2026-07-19,113000.0,82738.0
100000004847758100,100000003684369100,100000001362940100,2,2026-07-17,2026-07-19,36000.0,81000.0
100000004351795100,100000000437046100,100000006165886100,2,2026-07-28,2026-07-30,107000.0,80414.0
100000003880331100,100000008603629100,100000004217419100,2,2026-07-21,2026-07-23,298000.0,80000.0
100000008547844100,100000008547948100,100000008692291100,2,2026-07-16,2026-07-18,61000.0,75000.0
100000003796063100,100000006866783100,100000008686313100,2,2026-07-12,2026-07-15,67500.0,74660.0
100000005339662100,100000004820260100,100000005175148100,2,2026-07-20,2026-07-22,46400.0,74000.0
100000008659445100,100000008751429100,100000008736940100,2,2026-07-25,2026-07-28,175000.0,72600.0
100000005910114100,100000008603629100,100000000661912100,2,2026-07-18,2026-07-20,98838.0,71224.0
100000003880331100,100000008603629100,100000005830339100,2,2026-07-23,2026-07-27,298000.0,70268.0
100000004847758100,100000003684369100,100000002666248100,2,2026-07-19,2026-07-20,41000.0,70032.0
100000008304139100,100000003684369100,100000002666248100,2,2026-07-19,2026-07-20,63000.0,70032.0
100000004077081100,100000003684369100,100000005079754100,2,2026-07-23,2026-07-25,110000.0,70000.0
100000004358004100,100000003684369100,100000005079754100,2,2026-07-24,2026-07-25,133000.0,70000.0
100000007593823100,100000008730846100,100000000976943100,2,2026-07-19,2026-07-20,28000.0,70000.0
100000007982728100,100000008748408100,100000004698193100,2,2026-07-26,2026-07-28,360000.0,70000.0
100000008632060100,100000008730846100,100000000976943100,2,2026-07-19,2026-07-20,60600.0,70000.0
100000005910114100,100000003684369100,100000003284932100,2,2026-07-16,2026-07-18,52603.0,69925.0
100000008304139100,100000008603629100,100000004420041100,2,2026-07-29,2026-07-31,87000.0,69638.0
100000005910114100,100000006866783100,100000004071080100,2,2026-07-04,2026-07-09,76302.0,67000.0
100000008304139100,100000006866783100,100000004071080100,2,2026-07-04,2026-07-09,50000.0,67000.0
100000004070318100,100000002398779100,100000008576243100,2,2026-07-07,2026-07-10,61568.0,66000.0
100000008489922100,100000008517538100,100000003157679100,2,2026-07-15,2026-07-17,55500.0,66000.0
100000008417359100,100000008512552100,100000003242289100,2,2026-07-06,2026-07-07,20760.0,65760.0
100000005910114100,100000003684369100,100000001746925100,2,2026-07-16,2026-07-17,52603.0,65250.0
100000000437046100,100000005610717100,100000008469048100,2,2026-07-15,2026-07-23,95600.0,63800.0
100000002963189100,100000005933757100,100000004500444100,2,2026-07-08,2026-07-18,1150000.0,60000.0
100000004351795100,100000008731444100,100000003528285100,2,2026-07-28,2026-07-30,245000.0,60000.0
100000005910114100,100000008603629100,100000006734214100,2,2026-07-18,2026-07-20,98838.0,60000.0
100000007982728100,100000008748408100,100000008765627100,2,2026-07-26,2026-07-28,360000.0,60000.0
100000008636603100,100000003016635100,100000001805543100,2,2026-07-04,2026-07-06,43200.0,59000.0
100000005910114100,100000006866783100,100000001530983100,2,2026-07-14,2026-07-15,75762.0,58724.0
100000008304139100,100000006866783100,100000001530983100,2,2026-07-14,2026-07-15,59000.0,58724.0
100000004847758100,100000003684369100,100000003739818100,2,2026-07-19,2026-07-21,41000.0,57293.0
100000003796063100,100000000331309100,100000006126743100,2,2026-07-12,2026-07-14,233200.0,55000.0
100000005910114100,100000003684369100,100000008438656100,2,2026-07-16,2026-07-17,52603.0,55000.0
100000005910114100,100000006866783100,100000000011452100,2,2026-07-04,2026-07-09,76302.0,55000.0
100000008304139100,100000006866783100,100000000011452100,2,2026-07-04,2026-07-09,50000.0,55000.0
100000007982728100,100000008748408100,100000008008463100,2,2026-07-26,2026-07-28,360000.0,54180.0
100000003528285100,100000003684369100,100000001554432100,2,2026-07-22,2026-07-24,123000.0,53920.0
100000003880331100,100000003684369100,100000001554432100,2,2026-07-22,2026-07-24,282000.0,53920.0
100000004077081100,100000003684369100,100000001554432100,2,2026-07-23,2026-07-24,110000.0,53920.0
100000004358004100,100000003684369100,100000001554432100,2,2026-07-22,2026-07-24,148000.0,53920.0
100000008304139100,100000003684369100,100000001554432100,2,2026-07-23,2026-07-24,189000.0,53920.0
100000008748914100,100000003684369100,100000001554432100,2,2026-07-23,2026-07-24,916000.0,53920.0
100000003016635100,100000004330371100,100000006534886100,2,2026-07-08,2026-07-21,48426.0,53900.0
100000003528285100,100000003684369100,100000003037660100,2,2026-07-22,2026-07-23,123000.0,53000.0
100000003880331100,100000003684369100,100000003037660100,2,2026-07-22,2026-07-23,282000.0,53000.0
100000008304139100,100000003684369100,100000003037660100,2,2026-07-21,2026-07-23,196000.0,53000.0
100000004351795100,100000000437046100,100000006894637100,2,2026-07-22,2026-07-23,172000.0,52831.0
100000008632060100,100000000437046100,100000006894637100,2,2026-07-21,2026-07-23,67500.0,52831.0
100000008086440100,100000008603629100,100000005830339100,2,2026-07-16,2026-07-25,63900.0,52570.0
100000005578559100,100000005704413100,100000007510567100,2,2026-07-12,2026-07-13,36834.67,52000.0
100000005287097100,100000003016635100,100000002991079100,2,2026-07-21,2026-07-23,69000.0,51700.0
100000008512552100,100000003242289100,100000008043184100,2,2026-07-17,2026-07-19,190300.0,50564.0
100000000031787100,100000000267734100,100000002842337100,2,2026-07-25,2026-07-27,40000.0,50000.0
100000003528285100,100000003684369100,100000001194266100,2,2026-07-22,2026-07-24,123000.0,50000.0
100000003528285100,100000003684369100,100000008628231100,2,2026-07-22,2026-07-23,123000.0,50000.0
100000003880331100,100000003684369100,100000001194266100,2,2026-07-22,2026-07-24,282000.0,50000.0
100000003880331100,100000003684369100,100000008628231100,2,2026-07-22,2026-07-23,282000.0,50000.0
100000003888271100,100000000580561100,100000005183943100,2,2026-07-20,2026-07-26,18680.0,50000.0
100000004077081100,100000003684369100,100000001194266100,2,2026-07-23,2026-07-24,110000.0,50000.0
100000004077081100,100000003684369100,100000006446271100,2,2026-07-23,2026-07-25,110000.0,50000.0
100000004160650100,100000002731501100,100000008774237100,2,2026-07-27,2026-07-29,50000.0,50000.0
100000004358004100,100000003684369100,100000001194266100,2,2026-07-22,2026-07-24,148000.0,50000.0
100000004358004100,100000003684369100,100000006446271100,2,2026-07-24,2026-07-25,133000.0,50000.0
100000004390333100,100000005612411100,100000001102676100,2,2026-07-24,2026-07-26,36500.0,50000.0
100000005287097100,100000004156082100,100000006518161100,2,2026-07-30,2026-07-31,50500.0,50000.0
100000005578559100,100000005704413100,100000002870463100,2,2026-07-12,2026-07-14,36834.67,50000.0
100000005910114100,100000002957787100,100000008137435100,2,2026-07-03,2026-07-05,45856.0,50000.0
100000005910114100,100000006866783100,100000004759121100,2,2026-07-14,2026-07-15,75762.0,50000.0
100000005910114100,100000006866783100,100000006687202100,2,2026-07-14,2026-07-15,75762.0,50000.0
100000005910114100,100000008603629100,100000000795374100,2,2026-07-10,2026-07-12,77718.0,50000.0
100000007639767100,100000008603629100,100000003711830100,2,2026-07-28,2026-07-30,78250.0,50000.0
100000008258083100,100000000673868100,100000007442518100,2,2026-07-07,2026-07-09,637500.0,50000.0
100000008304139100,100000003684369100,100000001194266100,2,2026-07-23,2026-07-24,189000.0,50000.0
100000008304139100,100000003684369100,100000008628231100,2,2026-07-21,2026-07-23,196000.0,50000.0
100000008304139100,100000006866783100,100000004759121100,2,2026-07-14,2026-07-15,59000.0,50000.0
100000008304139100,100000006866783100,100000006687202100,2,2026-07-14,2026-07-15,59000.0,50000.0
100000008304139100,100000008603629100,100000000288317100,2,2026-07-29,2026-07-31,87000.0,50000.0
100000008304139100,100000008603629100,100000003711830100,2,2026-07-29,2026-07-30,87000.0,50000.0
100000008748914100,100000003684369100,100000001194266100,2,2026-07-23,2026-07-24,916000.0,50000.0
100000004351795100,100000000437046100,100000005610717100,2,2026-07-22,2026-07-23,172000.0,48900.0
100000008632060100,100000000437046100,100000005610717100,2,2026-07-21,2026-07-23,67500.0,48900.0
100000004847758100,100000003684369100,100000005124479100,2,2026-07-19,2026-07-20,41000.0,48806.0
100000008304139100,100000003684369100,100000005124479100,2,2026-07-19,2026-07-20,63000.0,48806.0
100000008636603100,100000003016635100,100000000440392100,2,2026-07-04,2026-07-07,43200.0,47325.0
100000005268319100,100000002957787100,100000001160401100,2,2026-07-02,2026-07-06,24000.0,47190.0
100000005910114100,100000002957787100,100000001160401100,2,2026-07-03,2026-07-06,45856.0,47190.0
100000004479404100,100000004717647100,100000004584730100,2,2026-07-27,2026-07-28,300000.0,47000.0
100000005910114100,100000006866783100,100000002645609100,2,2026-07-06,2026-07-08,63653.0,46987.0
100000008512552100,100000003242289100,100000002301828100,2,2026-07-17,2026-07-19,190300.0,46977.0
100000003796063100,100000006866783100,100000008071620100,2,2026-07-12,2026-07-14,67500.0,46968.0
100000004351795100,100000000437046100,100000005830339100,2,2026-07-22,2026-07-24,172000.0,46968.0
100000008304139100,100000006866783100,100000008071620100,2,2026-07-12,2026-07-14,50000.0,46968.0
100000005910114100,100000003684369100,100000002847207100,2,2026-07-16,2026-07-17,52603.0,46243.0
100000005287097100,100000003016635100,100000005539201100,2,2026-07-07,2026-07-09,84500.0,45504.0
100000005910114100,100000008603629100,100000002232266100,2,2026-07-18,2026-07-19,98838.0,45000.0
100000005041905100,100000002578405100,100000008687617100,2,2026-07-08,2026-07-15,518328.0,43350.0
100000005287097100,100000003016635100,100000006579678100,2,2026-07-07,2026-07-09,84500.0,42930.0
100000001049200100,100000004156082100,100000000076451100,2,2026-07-28,2026-07-30,21000.0,42707.0
100000008636603100,100000003016635100,100000000667713100,2,2026-07-04,2026-07-07,43200.0,41195.0
100000005578559100,100000005704413100,100000004890713100,2,2026-07-12,2026-07-14,36834.67,40485.0
100000003796063100,100000006866783100,100000004679953100,2,2026-07-12,2026-07-14,67500.0,40003.0
100000008304139100,100000006866783100,100000004679953100,2,2026-07-12,2026-07-14,50000.0,40003.0
100000004358004100,100000003684369100,100000003877908100,2,2026-07-24,2026-07-26,133000.0,40000.0
100000004847758100,100000003684369100,100000004509286100,2,2026-07-19,2026-07-20,41000.0,40000.0
100000008304139100,100000003684369100,100000003877908100,2,2026-07-24,2026-07-26,195000.0,40000.0
100000008304139100,100000003684369100,100000004509286100,2,2026-07-19,2026-07-20,63000.0,40000.0
100000008748914100,100000003684369100,100000003877908100,2,2026-07-24,2026-07-26,574700.0,40000.0
100000005910114100,100000006866783100,100000008686234100,2,2026-07-06,2026-07-08,63653.0,39778.0
100000004358004100,100000003684369100,100000007274584100,2,2026-07-24,2026-07-26,133000.0,38000.0
100000008304139100,100000003684369100,100000007274584100,2,2026-07-24,2026-07-26,195000.0,38000.0
100000008304139100,100000003684369100,100000007311010100,2,2026-07-20,2026-07-22,142000.0,38000.0
100000008748914100,100000003684369100,100000007274584100,2,2026-07-24,2026-07-26,574700.0,38000.0
100000003796063100,100000008165763100,100000002679516100,2,2026-07-10,2026-07-12,45200.0,36050.0
100000004847758100,100000003684369100,100000001924185100,2,2026-07-19,2026-07-21,41000.0,36000.0
100000004351795100,100000000437046100,100000004299488100,2,2026-07-18,2026-07-20,113000.0,35000.0
100000000031787100,100000000267734100,100000001601320100,2,2026-07-25,2026-07-27,40000.0,34000.0
100000008304139100,100000008603629100,100000008503177100,2,2026-07-29,2026-07-31,87000.0,33951.0
100000005578559100,100000005704413100,100000002702968100,2,2026-07-12,2026-07-13,36834.67,31600.0
100000005287097100,100000003016635100,100000008116374100,2,2026-07-07,2026-07-09,84500.0,31284.0
100000005287097100,100000003016635100,100000001684867100,2,2026-07-12,2026-07-14,12000.0,30550.0
100000003988112100,100000004403675100,100000003823811100,2,2026-07-18,2026-07-19,25000.0,30000.0
100000005287097100,100000003016635100,100000002861485100,2,2026-07-20,2026-07-22,18000.0,29323.0
100000004400305100,100000008686313100,100000008603629100,2,2026-07-23,2026-07-25,82417.0,28500.0
100000008636603100,100000003016635100,100000007641183100,2,2026-07-04,2026-07-06,43200.0,28000.0
100000001660397100,100000006866783100,100000000961900100,2,2026-07-08,2026-07-14,24000.0,27000.0
100000005910114100,100000006866783100,100000000961900100,2,2026-07-08,2026-07-14,52381.0,27000.0
100000000437046100,100000008686313100,100000008477350100,2,2026-07-22,2026-07-24,551518.0,25800.0
100000004400305100,100000008686313100,100000008477350100,2,2026-07-23,2026-07-24,82417.0,25800.0
100000005287097100,100000003016635100,100000004741837100,2,2026-07-07,2026-07-09,84500.0,25596.0
100000003528285100,100000003684369100,100000004315838100,2,2026-07-22,2026-07-23,123000.0,25000.0
100000003528285100,100000003684369100,100000008664469100,2,2026-07-22,2026-07-23,123000.0,25000.0
100000003880331100,100000003684369100,100000004315838100,2,2026-07-22,2026-07-23,282000.0,25000.0
100000003880331100,100000003684369100,100000008664469100,2,2026-07-22,2026-07-23,282000.0,25000.0
100000004400305100,100000004071080100,100000004071070100,2,2026-07-06,2026-07-07,20000.0,25000.0
100000004847758100,100000003684369100,100000004004621100,2,2026-07-17,2026-07-19,36000.0,25000.0
100000004847758100,100000003684369100,100000007129492100,2,2026-07-19,2026-07-21,41000.0,25000.0
100000004847758100,100000008603629100,100000005140601100,2,2026-07-19,2026-07-21,42000.0,25000.0
100000005910114100,100000003684369100,100000005133757100,2,2026-07-16,2026-07-17,52603.0,25000.0
100000005910114100,100000008603629100,100000005140601100,2,2026-07-19,2026-07-21,83070.0,25000.0
100000008304139100,100000003684369100,100000004315838100,2,2026-07-21,2026-07-23,196000.0,25000.0
100000008304139100,100000003684369100,100000008664469100,2,2026-07-21,2026-07-23,196000.0,25000.0
100000008512552100,100000003242289100,100000004140487100,2,2026-07-17,2026-07-19,190300.0,24510.0
100000005910114100,100000006866783100,100000008443341100,2,2026-07-14,2026-07-16,75762.0,24500.0
100000008304139100,100000006866783100,100000008443341100,2,2026-07-14,2026-07-16,59000.0,24500.0
100000004715209100,100000008603331100,100000002646887100,2,2026-07-07,2026-07-09,11500.0,24354.0
100000005287097100,100000004156082100,100000007281639100,2,2026-07-30,2026-07-31,50500.0,23970.0
100000005578559100,100000005704413100,100000001484381100,2,2026-07-12,2026-07-14,36834.67,23500.0
100000003796063100,100000006866783100,100000003873332100,2,2026-07-12,2026-07-14,67500.0,23468.0
100000008304139100,100000006866783100,100000003873332100,2,2026-07-12,2026-07-14,50000.0,23468.0
100000008632060100,100000004400305100,100000002435265100,2,2026-07-05,2026-07-21,40000.0,23150.0
100000003016635100,100000006518161100,100000003039473100,2,2026-07-17,2026-07-19,82500.0,23000.0
100000004847758100,100000008603629100,100000004975919100,2,2026-07-19,2026-07-21,42000.0,22351.0
100000005910114100,100000008603629100,100000004975919100,2,2026-07-19,2026-07-21,83070.0,22351.0
100000001660397100,100000006866783100,100000008686313100,2,2026-07-08,2026-07-12,24000.0,22295.0
100000005910114100,100000008603629100,100000003582677100,2,2026-07-18,2026-07-19,98838.0,21652.0
100000000437046100,100000003834495100,100000008730371100,2,2026-07-30,2026-07-31,127441.0,20000.0
100000003796063100,100000006866783100,100000008221543100,2,2026-07-12,2026-07-14,67500.0,20000.0
100000005578559100,100000005704413100,100000008379273100,2,2026-07-12,2026-07-14,36834.67,20000.0
100000005910114100,100000008603629100,100000007197866100,2,2026-07-10,2026-07-12,77718.0,20000.0
100000008304139100,100000006866783100,100000008221543100,2,2026-07-12,2026-07-14,50000.0,20000.0
100000005910114100,100000006866783100,100000004847758100,2,2026-07-04,2026-07-06,90585.0,18775.0
100000000031787100,100000000267734100,100000003188607100,2,2026-07-25,2026-07-26,40000.0,18000.0
100000003796063100,100000008165763100,100000001251686100,2,2026-07-10,2026-07-12,45200.0,18000.0
100000005578559100,100000005704413100,100000002748040100,2,2026-07-12,2026-07-14,36834.67,18000.0
100000006518161100,100000005660203100,100000006882208100,2,2026-07-17,2026-07-19,52000.0,18000.0
100000005287097100,100000003016635100,100000003713616100,2,2026-07-07,2026-07-09,84500.0,15893.0
100000005287097100,100000004156082100,100000001138376100,2,2026-07-30,2026-07-31,50500.0,15300.0
100000004847758100,100000003684369100,100000005093521100,2,2026-07-19,2026-07-20,41000.0,15200.0
100000008304139100,100000003684369100,100000005093521100,2,2026-07-19,2026-07-20,63000.0,15200.0
100000000031787100,100000000267734100,100000004573782100,2,2026-07-25,2026-07-26,40000.0,15000.0
100000003016635100,100000000667713100,100000002481735100,2,2026-07-05,2026-07-07,41195.0,15000.0
100000003796063100,100000006866783100,100000000961900100,2,2026-07-12,2026-07-14,67500.0,15000.0
100000004160650100,100000004007116100,100000003616818100,2,2026-07-29,2026-07-31,147544.0,15000.0
100000004351795100,100000000437046100,100000008293431100,2,2026-07-28,2026-07-30,107000.0,15000.0
100000005268319100,100000002957787100,100000004071080100,2,2026-07-02,2026-07-04,24000.0,15000.0
100000005910114100,100000002957787100,100000004071080100,2,2026-07-03,2026-07-04,45856.0,15000.0
100000008258083100,100000000673868100,100000001785161100,2,2026-07-09,2026-07-10,644100.0,15000.0
100000008512552100,100000003242289100,100000004580254100,2,2026-07-17,2026-07-19,190300.0,14870.0
100000005287097100,100000003016635100,100000007511163100,2,2026-07-04,2026-07-05,94000.0,14666.0
100000008636603100,100000003016635100,100000007511163100,2,2026-07-04,2026-07-05,43200.0,14666.0
100000005287097100,100000004156082100,100000003927792100,2,2026-07-30,2026-07-31,50500.0,13067.0
100000001049200100,100000004156082100,100000002742067100,2,2026-07-28,2026-07-30,21000.0,12730.0
100000004077081100,100000002398779100,100000008576243100,2,2026-07-09,2026-07-10,195000.0,12000.0
100000004351795100,100000002398779100,100000008576243100,2,2026-07-09,2026-07-10,87100.0,12000.0
100000005287097100,100000003016635100,100000004206046100,2,2026-07-04,2026-07-05,94000.0,11075.0
100000008636603100,100000003016635100,100000004206046100,2,2026-07-04,2026-07-05,43200.0,11075.0
100000005910114100,100000002957787100,100000005268319100,2,2026-07-03,2026-07-04,45856.0,10545.0
100000002957787100,100000004071080100,100000003086040100,2,2026-07-03,2026-07-04,15000.0,10500.0
100000006788200100,100000006994985100,100000007140834100,2,2026-07-18,2026-07-22,48500.0,10200.0
100000001049200100,100000004156082100,100000005030592100,2,2026-07-28,2026-07-30,21000.0,10000.0
100000004358004100,100000008165763100,100000000912487100,2,2026-07-21,2026-07-23,120000.0,10000.0
100000005519998100,100000004076740100,100000005932987100,2,2026-07-05,2026-07-07,40000.0,10000.0
100000005910114100,100000006866783100,100000000089154100,2,2026-07-14,2026-07-16,75762.0,10000.0
100000008304139100,100000006866783100,100000000089154100,2,2026-07-14,2026-07-16,59000.0,10000.0
100000002731501100,100000004160650100,100000004005964100,2,2026-07-28,2026-07-30,40000.0,9900.0
100000005910114100,100000002957787100,100000004662806100,2,2026-07-03,2026-07-05,45856.0,9005.0
100000005287097100,100000003016635100,100000006658598100,2,2026-07-18,2026-07-19,16200.0,9000.0
100000007639767100,100000008603629100,100000001857829100,2,2026-07-28,2026-07-30,78250.0,9000.0
100000006866783100,100000000011452100,100000005140601100,2,2026-07-03,2026-07-05,60000.0,8685.0
100000008314203100,100000008637537100,100000005940652100,2,2026-07-15,2026-07-16,50000.0,8395.0
100000005287097100,100000003016635100,100000003886323100,2,2026-07-20,2026-07-22,18000.0,7793.0
100000005287097100,100000003016635100,100000002609774100,2,2026-07-18,2026-07-19,16200.0,7700.0
100000005910114100,100000002957787100,100000004493586100,2,2026-07-03,2026-07-05,45856.0,7500.0
100000005287097100,100000003016635100,100000001987030100,2,2026-07-11,2026-07-13,14000.0,7196.0
100000005287097100,100000003016635100,100000008173359100,2,2026-07-21,2026-07-23,69000.0,6110.0
100000008636603100,100000003016635100,100000001049200100,2,2026-07-04,2026-07-06,43200.0,6014.0
100000008636603100,100000003016635100,100000007281639100,2,2026-07-04,2026-07-06,43200.0,6000.0
100000005287097100,100000003016635100,100000002592567100,2,2026-07-04,2026-07-05,94000.0,5297.0
100000008636603100,100000003016635100,100000002592567100,2,2026-07-04,2026-07-05,43200.0,5297.0
100000005287097100,100000003016635100,100000000507799100,2,2026-07-20,2026-07-22,18000.0,5132.0
100000000437046100,100000008686313100,100000008546855100,2,2026-07-25,2026-07-27,353200.0,5000.0
100000001530983100,100000007777377100,100000001427082100,2,2026-07-13,2026-07-15,73290.0,5000.0
100000002958343100,100000000274067100,100000006490557100,2,2026-07-22,2026-07-23,70000.0,5000.0
100000004820260100,100000005339662100,100000005175148100,2,2026-07-22,2026-07-23,12750.0,5000.0
100000005661829100,100000008546855100,100000007689942100,2,2026-07-26,2026-07-28,33790.0,5000.0
100000005661829100,100000008546855100,100000008582730100,2,2026-07-26,2026-07-27,33790.0,5000.0
100000005910114100,100000002957787100,100000007267915100,2,2026-07-03,2026-07-05,45856.0,5000.0
